Order_ID,Product,Supplier,Order_Date,Delivery_Date,Quantity,Inventory,Shipping_Cost,Region,Delivery_Time,Month
1,Headphones,SmartSupply,2025-04-13,2025-04-17,61,70,198.22,East,4,April
2,Mouse,GlobalTech,2025-03-29,2025-04-03,24,180,69.56,West,5,March
3,Monitor,PrimeDistributors,2025-10-21,2025-10-23,33,509,631.07,West,2,October
4,Webcam,SmartSupply,2025-12-11,2025-12-12,92,749,398.04,West,1,December
6,Mouse,GlobalTech,2025-06-16,2025-06-18,89,365,585.12,North,2,June
7,Mobile,VisionElectronics,2025-12-12,2025-12-17,84,141,468.14,Central,5,December
8,Laptop,GlobalTech,2025-09-21,2025-09-24,36,611,679.4,South,3,September
9,Mobile,VisionElectronics,2025-09-17,2025-09-23,90,605,942.52,West,6,September
10,Monitor,PrimeDistributors,2025-07-09,2025-07-17,80,798,307.78,South,8,July
11,Speaker,TechSource,2025-08-05,2025-08-17,29,64,207.0,North,12,August
12,Headphones,TechSource,2025-12-10,2025-12-11,88,112,824.69,East,1,December
13,Monitor,VisionElectronics,2025-10-16,2025-10-27,41,77,869.95,South,11,October
14,Tablet,VisionElectronics,2025-02-02,2025-02-09,62,777,682.63,East,7,February
15,Keyboard,PrimeDistributors,2025-02-04,2025-02-05,47,511,856.47,South,1,February
16,Tablet,GlobalTech,2025-09-12,2025-09-26,27,442,725.13,South,14,September
17,Laptop,PrimeDistributors,2025-06-28,2025-07-05,52,145,710.74,Central,7,June
18,Mouse,SmartSupply,2025-05-23,2025-06-03,13,209,618.92,West,11,May
19,Speaker,VisionElectronics,2025-03-07,2025-03-17,6,845,813.49,West,10,March
20,Webcam,TechSource,2025-10-13,2025-10-27,92,522,352.1,North,14,October
21,Speaker,SmartSupply,2025-10-10,2025-10-24,77,794,339.54,North,14,October
22,Laptop,SmartSupply,2025-11-14,2025-11-19,51,283,370.73,North,5,November
23,Laptop,GlobalTech,2025-06-29,2025-06-30,58,613,284.53,East,1,June
24,Laptop,GlobalTech,2025-04-23,2025-04-28,56,130,303.44,South,5,April
25,Tablet,GlobalTech,2025-08-08,2025-08-14,96,274,652.63,Central,6,August
26,Printer,SmartSupply,2025-06-21,2025-07-01,32,296,688.53,East,10,June
27,Headphones,SmartSupply,2025-09-12,2025-09-18,69,933,984.25,North,6,September
28,Printer,VisionElectronics,2025-07-20,2025-08-01,80,398,865.44,East,12,July
29,Keyboard,TechSource,2025-12-12,2025-12-15,20,913,141.37,North,3,December
30,Mobile,TechSource,2025-05-08,2025-05-15,1,828,374.01,South,7,May
31,Webcam,GlobalTech,2025-05-31,2025-06-14,99,312,676.98,North,14,May
32,Mobile,PrimeDistributors,2025-03-01,2025-03-02,1,353,967.15,Central,1,March
33,Tablet,SmartSupply,2025-06-09,2025-06-20,9,282,381.75,West,11,June
34,Headphones,TechSource,2025-06-01,2025-06-07,33,969,858.38,West,6,June
35,Keyboard,GlobalTech,2025-04-14,2025-04-18,89,148,974.98,South,4,April
36,Keyboard,VisionElectronics,2025-07-13,2025-07-19,80,730,217.13,North,6,July
37,Headphones,TechSource,2025-10-04,2025-10-08,8,184,734.89,West,4,October
38,Printer,SmartSupply,2025-01-22,2025-02-05,51,487,910.79,South,14,January
39,Laptop,PrimeDistributors,2025-10-04,2025-10-18,28,928,517.89,West,14,October
40,Mouse,TechSource,2025-11-13,2025-11-16,35,241,663.2,West,3,November
41,Monitor,PrimeDistributors,2025-08-08,2025-08-22,6,148,760.33,Central,14,August
42,Keyboard,PrimeDistributors,2025-10-29,2025-11-03,60,165,329.73,North,5,October
43,Mobile,SmartSupply,2025-09-13,2025-09-16,25,784,852.0,South,3,September
44,Tablet,GlobalTech,2025-10-15,2025-10-21,66,688,542.41,South,6,October
45,Laptop,PrimeDistributors,2025-09-30,2025-10-08,9,860,723.47,South,8,September
46,Keyboard,VisionElectronics,2025-09-04,2025-09-14,50,970,630.94,South,10,September
47,Mouse,VisionElectronics,2025-11-09,2025-11-13,65,825,716.87,East,4,November
48,Mobile,SmartSupply,2025-05-23,2025-06-04,66,849,599.37,North,12,May
49,Printer,VisionElectronics,2025-07-05,2025-07-19,58,619,78.98,South,14,July
50,Monitor,VisionElectronics,2025-11-22,2025-11-28,97,313,781.49,West,6,November
51,Mouse,SmartSupply,2025-01-05,2025-01-12,6,926,234.66,West,7,January
52,Mobile,SmartSupply,2025-05-24,2025-06-06,30,708,805.43,West,13,May
53,Webcam,TechSource,2025-02-27,2025-03-06,90,166,126.83,West,7,February
54,Webcam,TechSource,2025-05-09,2025-05-19,1,800,287.73,Central,10,May
55,Tablet,PrimeDistributors,2025-09-29,2025-10-12,64,496,463.89,East,13,September
56,Keyboard,VisionElectronics,2025-03-17,2025-03-27,86,746,374.79,Central,10,March
57,Mouse,GlobalTech,2025-02-16,2025-02-17,69,253,66.3,Central,1,February
58,Laptop,GlobalTech,2025-02-08,2025-02-12,94,406,428.58,Central,4,February
59,Mouse,GlobalTech,2025-04-10,2025-04-12,95,955,644.57,North,2,April
60,Mouse,GlobalTech,2025-11-21,2025-12-04,16,841,946.7,North,13,November
61,Mouse,VisionElectronics,2025-06-09,2025-06-20,24,957,418.76,North,11,June
62,Monitor,GlobalTech,2025-06-28,2025-07-09,12,884,829.41,East,11,June
63,Mobile,PrimeDistributors,2025-02-13,2025-02-26,35,776,117.63,South,13,February
64,Mobile,GlobalTech,2025-03-31,2025-04-14,7,245,708.25,Central,14,March
65,Headphones,TechSource,2025-03-16,2025-03-29,36,778,813.31,West,13,March
66,Headphones,VisionElectronics,2025-12-23,2026-01-01,64,788,990.98,South,9,December
67,Tablet,TechSource,2025-04-06,2025-04-14,62,785,865.49,Central,8,April
68,Keyboard,VisionElectronics,2025-10-06,2025-10-15,30,322,557.61,North,9,October
69,Keyboard,TechSource,2025-12-08,2025-12-21,49,661,60.3,East,13,December
70,Tablet,VisionElectronics,2025-03-17,2025-03-26,28,767,692.93,East,9,March
71,Monitor,SmartSupply,2025-05-24,2025-05-29,99,445,362.23,Central,5,May
72,Speaker,GlobalTech,2025-02-22,2025-03-01,39,158,934.38,South,7,February
73,Tablet,VisionElectronics,2025-05-13,2025-05-16,93,284,720.54,North,3,May
74,Laptop,GlobalTech,2025-03-15,2025-03-25,7,223,715.92,North,10,March
75,Mobile,SmartSupply,2025-10-10,2025-10-20,5,78,130.6,Central,10,October
76,Mouse,PrimeDistributors,2025-11-17,2025-11-23,17,560,912.31,West,6,November
77,Keyboard,SmartSupply,2025-10-19,2025-10-25,61,925,580.48,South,6,October
78,Tablet,VisionElectronics,2025-12-12,2025-12-15,67,222,60.79,South,3,December
79,Headphones,TechSource,2025-05-28,2025-06-09,61,944,666.75,East,12,May
80,Speaker,TechSource,2025-12-14,2025-12-28,63,557,321.43,Central,14,December
81,Monitor,VisionElectronics,2025-05-14,2025-05-24,80,935,928.41,Central,10,May
82,Keyboard,TechSource,2025-06-13,2025-06-16,20,490,546.94,North,3,June
83,Monitor,TechSource,2025-01-14,2025-01-15,54,935,414.99,East,1,January
84,Headphones,GlobalTech,2025-01-12,2025-01-22,76,457,639.13,West,10,January
85,Headphones,VisionElectronics,2025-06-13,2025-06-23,58,365,604.47,Central,10,June
86,Printer,PrimeDistributors,2025-02-10,2025-02-14,63,194,315.78,West,4,February
87,Keyboard,PrimeDistributors,2025-08-08,2025-08-21,6,643,445.81,North,13,August
89,Monitor,SmartSupply,2025-08-12,2025-08-13,26,112,423.34,East,1,August
90,Laptop,TechSource,2025-06-26,2025-07-09,98,154,444.08,Central,13,June
91,Laptop,SmartSupply,2025-11-07,2025-11-13,69,912,762.42,Central,6,November
92,Monitor,TechSource,2025-01-23,2025-01-28,37,763,857.17,Central,5,January
93,Laptop,TechSource,2025-03-19,2025-03-28,51,734,625.87,North,9,March
94,Headphones,SmartSupply,2025-10-15,2025-10-17,39,203,523.26,East,2,October
95,Laptop,SmartSupply,2025-11-02,2025-11-14,54,285,582.89,North,12,November
96,Monitor,SmartSupply,2025-04-22,2025-04-29,85,959,718.88,West,7,April
98,Printer,GlobalTech,2025-11-04,2025-11-13,97,384,426.72,East,9,November
99,Mouse,TechSource,2025-03-22,2025-03-27,10,233,849.99,West,5,March
100,Monitor,PrimeDistributors,2025-12-06,2025-12-14,34,823,517.99,East,8,December
101,Keyboard,SmartSupply,2025-02-12,2025-02-23,23,232,605.53,West,11,February
103,Webcam,GlobalTech,2025-06-09,2025-06-11,51,452,830.7,West,2,June
104,Printer,TechSource,2025-06-19,2025-07-02,21,887,164.6,West,13,June
105,Mobile,SmartSupply,2025-12-12,2025-12-26,49,127,363.59,North,14,December
106,Speaker,SmartSupply,2025-10-09,2025-10-18,86,288,536.07,Central,9,October
107,Mouse,PrimeDistributors,2025-12-03,2025-12-13,1,57,760.85,West,10,December
108,Printer,GlobalTech,2025-07-26,2025-08-03,14,523,771.96,Central,8,July
109,Headphones,SmartSupply,2025-06-03,2025-06-17,7,52,900.45,West,14,June
111,Tablet,GlobalTech,2025-01-28,2025-02-07,57,322,250.88,West,10,January
112,Mouse,TechSource,2025-01-25,2025-01-26,25,629,387.35,Central,1,January
113,Printer,TechSource,2025-05-26,2025-05-30,34,672,758.17,West,4,May
114,Speaker,GlobalTech,2025-03-24,2025-04-03,6,741,663.62,East,10,March
115,Printer,VisionElectronics,2025-11-11,2025-11-24,33,486,146.69,East,13,November
116,Headphones,SmartSupply,2025-11-14,2025-11-28,55,186,126.22,Central,14,November
117,Printer,VisionElectronics,2025-02-05,2025-02-13,66,517,971.0,North,8,February
118,Printer,SmartSupply,2025-04-04,2025-04-12,51,623,932.91,South,8,April
119,Monitor,SmartSupply,2025-06-22,2025-07-04,70,459,357.5,West,12,June
120,Laptop,PrimeDistributors,2025-08-13,2025-08-17,12,608,721.87,East,4,August
121,Keyboard,GlobalTech,2025-12-22,2026-01-04,33,951,369.77,Central,13,December
122,Mobile,TechSource,2025-05-18,2025-05-30,13,217,819.38,Central,12,May
123,Speaker,SmartSupply,2025-11-25,2025-11-26,75,960,498.0,North,1,November
125,Keyboard,VisionElectronics,2025-03-17,2025-03-20,1,345,735.52,Central,3,March
126,Speaker,PrimeDistributors,2025-11-24,2025-12-05,14,877,205.47,Central,11,November
127,Webcam,GlobalTech,2025-01-05,2025-01-08,62,181,350.39,North,3,January
128,Tablet,TechSource,2025-10-23,2025-10-31,14,849,489.55,North,8,October
130,Keyboard,VisionElectronics,2025-07-17,2025-07-23,7,228,368.16,Central,6,July
131,Tablet,TechSource,2025-10-16,2025-10-20,27,469,997.81,North,4,October
132,Mouse,SmartSupply,2025-10-16,2025-10-30,86,883,774.34,South,14,October
133,Printer,PrimeDistributors,2025-12-19,2025-12-25,13,208,409.88,West,6,December
134,Headphones,VisionElectronics,2025-07-03,2025-07-16,5,206,267.79,Central,13,July
135,Keyboard,SmartSupply,2025-05-10,2025-05-21,36,341,730.37,Central,11,May
136,Webcam,GlobalTech,2025-05-28,2025-06-08,38,183,430.81,East,11,May
137,Headphones,VisionElectronics,2025-08-06,2025-08-19,62,259,630.88,East,13,August
139,Speaker,TechSource,2025-10-14,2025-10-24,51,78,149.03,East,10,October
140,Monitor,TechSource,2025-09-14,2025-09-28,21,395,846.95,North,14,September
141,Tablet,TechSource,2025-11-15,2025-11-21,40,960,429.05,Central,6,November
142,Mouse,SmartSupply,2025-05-17,2025-05-27,57,166,623.54,West,10,May
143,Printer,GlobalTech,2025-01-25,2025-02-04,2,952,379.61,East,10,January
144,Keyboard,VisionElectronics,2025-01-17,2025-01-28,54,713,598.75,Central,11,January
145,Laptop,GlobalTech,2025-12-10,2025-12-11,29,112,313.71,West,1,December
146,Laptop,VisionElectronics,2025-02-18,2025-02-25,84,410,191.23,Central,7,February
147,Tablet,SmartSupply,2025-12-26,2025-12-27,1,785,113.72,East,1,December
148,Laptop,SmartSupply,2025-07-30,2025-08-13,45,526,498.46,South,14,July
149,Keyboard,TechSource,2025-09-14,2025-09-28,47,243,557.73,South,14,September
150,Keyboard,PrimeDistributors,2025-08-10,2025-08-16,63,693,222.83,East,6,August
151,Webcam,TechSource,2025-10-15,2025-10-25,83,927,550.25,West,10,October
152,Tablet,SmartSupply,2025-10-15,2025-10-17,93,57,75.74,East,2,October
153,Headphones,SmartSupply,2025-09-12,2025-09-25,54,810,809.92,East,13,September
154,Headphones,SmartSupply,2025-04-07,2025-04-19,34,852,281.01,West,12,April
155,Monitor,GlobalTech,2025-06-14,2025-06-20,14,784,357.79,South,6,June
156,Tablet,SmartSupply,2025-09-20,2025-09-21,85,196,166.64,West,1,September
157,Mobile,VisionElectronics,2025-10-12,2025-10-24,2,946,826.57,East,12,October
158,Keyboard,PrimeDistributors,2025-08-22,2025-08-24,87,168,304.66,Central,2,August
159,Speaker,VisionElectronics,2025-09-13,2025-09-27,98,102,329.74,South,14,September
160,Headphones,SmartSupply,2025-12-08,2025-12-20,81,763,587.49,North,12,December
161,Speaker,TechSource,2025-04-25,2025-04-26,40,286,432.42,East,1,April
162,Webcam,PrimeDistributors,2025-01-04,2025-01-14,29,158,706.66,East,10,January
163,Monitor,GlobalTech,2025-11-22,2025-11-24,42,405,523.19,North,2,November
164,Printer,PrimeDistributors,2025-06-14,2025-06-23,76,648,151.25,East,9,June
165,Headphones,PrimeDistributors,2025-11-09,2025-11-15,98,317,651.44,South,6,November
166,Webcam,GlobalTech,2025-06-22,2025-06-23,85,525,782.37,West,1,June
167,Laptop,GlobalTech,2025-11-06,2025-11-17,51,742,622.99,Central,11,November
168,Headphones,SmartSupply,2025-05-29,2025-06-09,11,561,919.74,East,11,May
169,Tablet,TechSource,2025-11-06,2025-11-08,24,807,178.25,South,2,November
170,Keyboard,SmartSupply,2025-02-05,2025-02-09,99,293,98.85,Central,4,February
171,Mobile,TechSource,2025-07-20,2025-07-30,73,762,383.96,North,10,July
172,Headphones,SmartSupply,2025-03-02,2025-03-13,42,74,284.08,South,11,March
173,Keyboard,SmartSupply,2025-08-17,2025-08-29,94,151,610.72,Central,12,August
174,Laptop,TechSource,2025-02-13,2025-02-24,61,66,952.73,West,11,February
175,Keyboard,PrimeDistributors,2025-11-14,2025-11-22,8,710,771.08,North,8,November
176,Webcam,TechSource,2025-03-30,2025-04-11,26,96,91.96,South,12,March
177,Tablet,TechSource,2025-03-27,2025-04-06,14,384,712.55,East,10,March
178,Mobile,VisionElectronics,2025-06-25,2025-07-03,59,776,805.57,East,8,June
179,Headphones,GlobalTech,2025-04-13,2025-04-14,99,669,164.54,East,1,April
180,Headphones,TechSource,2025-10-20,2025-10-31,90,232,434.26,West,11,October
181,Speaker,PrimeDistributors,2025-12-15,2025-12-21,13,771,544.16,South,6,December
182,Mobile,SmartSupply,2025-04-18,2025-05-02,55,788,876.59,Central,14,April
183,Keyboard,TechSource,2025-05-21,2025-05-23,39,863,383.18,Central,2,May
184,Speaker,TechSource,2025-11-14,2025-11-19,16,489,308.1,South,5,November
185,Monitor,GlobalTech,2025-12-25,2025-12-29,65,738,154.95,West,4,December
186,Monitor,TechSource,2025-05-26,2025-06-09,25,481,66.98,North,14,May
187,Webcam,VisionElectronics,2025-12-10,2025-12-14,37,110,296.03,East,4,December
188,Mobile,SmartSupply,2025-03-03,2025-03-16,25,760,991.61,West,13,March
189,Monitor,GlobalTech,2025-12-15,2025-12-21,74,156,217.7,North,6,December
190,Keyboard,TechSource,2025-08-29,2025-09-08,6,566,104.95,North,10,August
191,Webcam,GlobalTech,2025-04-09,2025-04-13,61,940,426.43,South,4,April
192,Headphones,PrimeDistributors,2025-03-03,2025-03-04,3,209,490.21,Central,1,March
193,Mouse,TechSource,2025-03-30,2025-04-08,14,406,136.91,East,9,March
194,Speaker,GlobalTech,2025-05-03,2025-05-15,67,970,859.58,North,12,May
195,Monitor,SmartSupply,2025-02-09,2025-02-18,11,275,438.03,Central,9,February
196,Mobile,PrimeDistributors,2025-06-25,2025-07-05,70,86,259.17,West,10,June
197,Headphones,SmartSupply,2025-03-22,2025-03-24,45,273,540.28,South,2,March
198,Headphones,PrimeDistributors,2025-11-19,2025-11-27,98,89,587.45,North,8,November
199,Keyboard,SmartSupply,2025-09-19,2025-09-27,80,217,283.02,East,8,September
200,Speaker,SmartSupply,2025-10-31,2025-11-09,53,219,150.54,West,9,October
201,Webcam,SmartSupply,2025-01-07,2025-01-12,31,584,54.89,Central,5,January
202,Mobile,VisionElectronics,2025-06-07,2025-06-14,2,767,768.8,South,7,June
203,Laptop,VisionElectronics,2025-08-12,2025-08-25,17,409,296.81,Central,13,August
204,Keyboard,GlobalTech,2025-06-12,2025-06-18,30,504,564.2,West,6,June
205,Monitor,VisionElectronics,2025-03-01,2025-03-15,93,327,940.37,South,14,March
206,Laptop,TechSource,2025-11-20,2025-12-01,12,967,723.14,South,11,November
207,Mobile,PrimeDistributors,2025-04-30,2025-05-11,50,319,974.81,West,11,April
208,Keyboard,PrimeDistributors,2025-06-13,2025-06-24,52,430,414.43,East,11,June
209,Keyboard,GlobalTech,2025-02-02,2025-02-08,75,619,50.98,South,6,February
210,Laptop,PrimeDistributors,2025-10-12,2025-10-16,99,446,861.5,Central,4,October
211,Mobile,SmartSupply,2025-03-16,2025-03-20,47,133,671.79,East,4,March
212,Headphones,PrimeDistributors,2025-12-03,2025-12-17,92,70,914.05,East,14,December
213,Keyboard,TechSource,2025-03-25,2025-03-31,57,502,984.78,South,6,March
214,Keyboard,GlobalTech,2025-01-15,2025-01-17,64,842,729.18,West,2,January
215,Headphones,PrimeDistributors,2025-07-27,2025-08-07,60,479,243.52,Central,11,July
216,Mobile,VisionElectronics,2025-01-08,2025-01-19,71,436,806.96,Central,11,January
217,Webcam,TechSource,2025-01-24,2025-02-05,3,965,806.71,North,12,January
218,Mouse,VisionElectronics,2025-08-24,2025-08-28,9,727,264.26,Central,4,August
219,Headphones,TechSource,2025-04-27,2025-04-29,72,444,985.13,Central,2,April
220,Mobile,PrimeDistributors,2025-10-01,2025-10-15,95,215,327.08,North,14,October
221,Printer,SmartSupply,2025-10-16,2025-10-28,41,441,738.07,North,12,October
222,Printer,GlobalTech,2025-03-17,2025-03-26,86,141,717.34,South,9,March
223,Laptop,TechSource,2025-12-19,2025-12-21,33,794,383.1,Central,2,December
225,Webcam,PrimeDistributors,2025-05-23,2025-05-25,44,354,953.97,East,2,May
226,Speaker,TechSource,2025-05-03,2025-05-09,6,122,99.37,South,6,May
228,Printer,SmartSupply,2025-03-25,2025-03-29,58,71,479.7,North,4,March
229,Mobile,TechSource,2025-07-07,2025-07-17,12,136,667.78,Central,10,July
230,Keyboard,PrimeDistributors,2025-08-31,2025-09-10,55,799,370.05,Central,10,August
231,Mobile,PrimeDistributors,2025-07-02,2025-07-05,70,963,670.6,North,3,July
232,Webcam,TechSource,2025-02-28,2025-03-03,35,494,118.59,West,3,February
233,Monitor,VisionElectronics,2025-11-01,2025-11-15,31,73,454.22,West,14,November
234,Mouse,SmartSupply,2025-12-30,2026-01-13,60,201,566.14,North,14,December
235,Mobile,GlobalTech,2025-09-07,2025-09-12,66,384,905.67,East,5,September
236,Keyboard,TechSource,2025-07-05,2025-07-11,18,601,844.2,East,6,July
237,Mouse,GlobalTech,2025-10-09,2025-10-17,94,648,650.91,Central,8,October
238,Speaker,TechSource,2025-11-21,2025-11-27,62,551,877.21,West,6,November
239,Printer,VisionElectronics,2025-05-10,2025-05-17,17,940,346.54,South,7,May
240,Monitor,VisionElectronics,2025-06-12,2025-06-17,65,473,618.78,Central,5,June
242,Speaker,SmartSupply,2025-09-23,2025-10-05,1,182,286.28,West,12,September
243,Printer,PrimeDistributors,2025-01-01,2025-01-10,84,333,84.84,Central,9,January
244,Laptop,VisionElectronics,2025-07-23,2025-07-28,44,873,606.09,East,5,July
246,Monitor,SmartSupply,2025-07-17,2025-07-22,59,886,148.14,West,5,July
247,Mobile,GlobalTech,2025-10-03,2025-10-08,88,300,54.69,North,5,October
248,Speaker,SmartSupply,2025-11-02,2025-11-15,39,272,291.51,South,13,November
249,Tablet,GlobalTech,2025-10-21,2025-10-25,45,357,719.45,West,4,October
250,Monitor,PrimeDistributors,2025-01-08,2025-01-10,1,825,198.36,South,2,January
251,Tablet,GlobalTech,2025-07-12,2025-07-19,90,476,699.09,South,7,July
252,Headphones,SmartSupply,2025-05-25,2025-06-04,47,793,780.09,North,10,May
253,Laptop,PrimeDistributors,2025-10-29,2025-11-02,1,196,943.83,Central,4,October
254,Mobile,TechSource,2025-12-27,2026-01-06,64,624,978.32,North,10,December
255,Speaker,VisionElectronics,2025-06-25,2025-07-08,77,208,751.53,South,13,June
256,Mouse,PrimeDistributors,2025-04-12,2025-04-26,19,503,906.31,North,14,April
257,Laptop,PrimeDistributors,2025-10-06,2025-10-09,88,871,666.62,North,3,October
258,Tablet,PrimeDistributors,2025-03-17,2025-03-27,15,966,411.4,North,10,March
260,Monitor,VisionElectronics,2025-09-22,2025-09-25,26,377,543.13,Central,3,September
261,Speaker,PrimeDistributors,2025-08-09,2025-08-19,12,182,428.88,West,10,August
262,Tablet,SmartSupply,2025-08-16,2025-08-27,70,863,732.22,East,11,August
263,Tablet,TechSource,2025-01-21,2025-01-28,80,864,117.72,West,7,January
264,Mouse,GlobalTech,2025-07-22,2025-07-25,21,190,384.04,Central,3,July
265,Keyboard,GlobalTech,2025-02-21,2025-03-07,8,193,135.15,South,14,February
266,Webcam,VisionElectronics,2025-03-18,2025-03-22,89,399,222.09,South,4,March
267,Tablet,PrimeDistributors,2025-02-08,2025-02-21,63,361,803.74,South,13,February
268,Mouse,PrimeDistributors,2025-02-05,2025-02-09,7,871,572.72,South,4,February
269,Tablet,VisionElectronics,2025-02-16,2025-02-27,22,167,539.42,North,11,February
270,Webcam,GlobalTech,2025-01-26,2025-02-04,88,427,392.73,North,9,January
271,Monitor,VisionElectronics,2025-06-03,2025-06-14,68,99,745.36,West,11,June
272,Speaker,TechSource,2025-06-16,2025-06-26,18,964,642.67,South,10,June
274,Tablet,PrimeDistributors,2025-05-23,2025-05-26,32,572,270.35,Central,3,May
275,Mobile,GlobalTech,2025-09-11,2025-09-20,64,852,617.19,East,9,September
276,Tablet,VisionElectronics,2025-02-11,2025-02-17,41,802,65.03,East,6,February
277,Printer,VisionElectronics,2025-03-09,2025-03-19,42,337,310.45,Central,10,March
278,Keyboard,TechSource,2025-12-19,2025-12-23,73,697,398.61,West,4,December
279,Mobile,PrimeDistributors,2025-09-26,2025-09-27,60,566,116.44,South,1,September
280,Webcam,VisionElectronics,2025-03-08,2025-03-14,3,391,686.01,South,6,March
281,Keyboard,VisionElectronics,2025-04-12,2025-04-13,98,520,491.95,South,1,April
282,Speaker,TechSource,2025-02-05,2025-02-10,55,257,439.0,West,5,February
283,Headphones,PrimeDistributors,2025-05-25,2025-06-06,84,564,930.82,West,12,May
284,Printer,TechSource,2025-04-25,2025-05-03,5,921,780.17,North,8,April
285,Mouse,TechSource,2025-10-13,2025-10-18,70,455,134.67,Central,5,October
286,Printer,TechSource,2025-09-29,2025-10-11,98,558,84.35,South,12,September
287,Speaker,TechSource,2025-08-25,2025-08-27,85,819,940.11,North,2,August
288,Mouse,GlobalTech,2025-11-27,2025-11-30,62,456,945.27,East,3,November
289,Monitor,GlobalTech,2025-05-23,2025-05-29,12,288,427.32,Central,6,May
290,Headphones,VisionElectronics,2025-10-18,2025-11-01,30,511,815.63,North,14,October
291,Mobile,GlobalTech,2025-06-12,2025-06-14,35,515,959.46,South,2,June
293,Monitor,VisionElectronics,2025-01-25,2025-02-07,98,441,504.32,North,13,January
294,Mouse,PrimeDistributors,2025-03-20,2025-03-24,18,877,858.88,East,4,March
295,Tablet,SmartSupply,2025-09-11,2025-09-13,83,336,108.28,South,2,September
296,Mobile,TechSource,2025-09-23,2025-10-02,11,739,104.89,East,9,September
297,Speaker,VisionElectronics,2025-04-09,2025-04-14,28,239,302.12,North,5,April
299,Mouse,PrimeDistributors,2025-08-09,2025-08-13,38,280,738.1,West,4,August
301,Tablet,PrimeDistributors,2025-03-27,2025-04-01,2,623,507.28,South,5,March
302,Tablet,GlobalTech,2025-11-10,2025-11-18,5,114,357.33,South,8,November
303,Mobile,SmartSupply,2025-08-01,2025-08-06,45,721,513.46,North,5,August
304,Monitor,GlobalTech,2025-07-07,2025-07-18,52,817,143.18,West,11,July
305,Mobile,PrimeDistributors,2025-02-03,2025-02-07,99,794,633.38,South,4,February
306,Laptop,TechSource,2025-01-21,2025-01-31,64,66,675.76,North,10,January
307,Laptop,VisionElectronics,2025-05-10,2025-05-22,10,291,86.51,Central,12,May
308,Tablet,TechSource,2025-10-11,2025-10-22,34,825,900.36,North,11,October
310,Tablet,SmartSupply,2025-07-19,2025-07-28,43,434,118.48,North,9,July
311,Monitor,SmartSupply,2025-05-13,2025-05-17,58,976,331.71,West,4,May
312,Keyboard,PrimeDistributors,2025-07-30,2025-08-06,28,612,215.4,Central,7,July
313,Headphones,VisionElectronics,2025-12-16,2025-12-22,64,187,69.9,North,6,December
314,Headphones,GlobalTech,2025-08-11,2025-08-19,25,378,412.84,East,8,August
315,Mouse,GlobalTech,2025-02-18,2025-02-22,78,666,661.71,South,4,February
316,Mouse,PrimeDistributors,2025-09-23,2025-09-28,12,908,980.97,Central,5,September
317,Mobile,GlobalTech,2025-06-09,2025-06-21,11,571,371.35,North,12,June
318,Webcam,VisionElectronics,2025-06-02,2025-06-10,89,675,945.92,Central,8,June
319,Laptop,TechSource,2025-06-21,2025-06-24,21,171,825.15,West,3,June
320,Monitor,VisionElectronics,2025-08-21,2025-08-23,13,710,979.48,East,2,August
321,Printer,PrimeDistributors,2025-09-13,2025-09-19,89,583,562.58,South,6,September
322,Monitor,SmartSupply,2025-09-15,2025-09-28,79,485,826.9,West,13,September
323,Monitor,SmartSupply,2025-10-05,2025-10-16,61,402,532.94,Central,11,October
324,Speaker,TechSource,2025-01-30,2025-02-06,8,411,580.14,West,7,January
325,Laptop,GlobalTech,2025-09-18,2025-09-21,4,153,234.26,South,3,September
326,Tablet,PrimeDistributors,2025-01-10,2025-01-15,91,972,703.49,North,5,January
327,Webcam,TechSource,2025-03-27,2025-04-06,58,615,841.05,South,10,March
328,Keyboard,PrimeDistributors,2025-01-20,2025-01-31,95,119,882.82,South,11,January
329,Mouse,SmartSupply,2025-05-12,2025-05-25,20,955,891.89,South,13,May
330,Monitor,VisionElectronics,2025-10-20,2025-10-26,54,920,53.06,West,6,October
331,Mouse,PrimeDistributors,2025-02-26,2025-03-11,17,168,880.55,East,13,February
332,Webcam,GlobalTech,2025-08-04,2025-08-09,55,549,582.63,South,5,August
333,Keyboard,PrimeDistributors,2025-06-08,2025-06-20,49,368,123.21,West,12,June
334,Printer,PrimeDistributors,2025-01-30,2025-02-09,31,917,541.41,West,10,January
335,Laptop,VisionElectronics,2025-12-16,2025-12-23,55,530,134.17,North,7,December
336,Speaker,VisionElectronics,2025-09-08,2025-09-20,45,210,450.19,West,12,September
337,Printer,TechSource,2025-08-28,2025-09-08,47,127,759.86,South,11,August
338,Mouse,PrimeDistributors,2025-11-21,2025-11-30,61,187,367.79,East,9,November
339,Printer,SmartSupply,2025-04-23,2025-05-07,70,898,933.14,Central,14,April
340,Webcam,VisionElectronics,2025-02-04,2025-02-18,69,398,488.65,North,14,February
341,Mouse,GlobalTech,2025-03-15,2025-03-20,70,651,126.57,East,5,March
342,Speaker,VisionElectronics,2025-05-09,2025-05-17,70,858,200.96,West,8,May
343,Mouse,VisionElectronics,2025-07-07,2025-07-16,24,597,62.73,South,9,July
344,Tablet,GlobalTech,2025-12-08,2025-12-20,35,269,797.77,South,12,December
345,Printer,SmartSupply,2025-08-05,2025-08-18,44,890,513.19,West,13,August
346,Speaker,SmartSupply,2025-12-04,2025-12-14,21,245,349.43,South,10,December
347,Mouse,PrimeDistributors,2025-06-09,2025-06-17,88,704,888.03,South,8,June
348,Headphones,PrimeDistributors,2025-06-03,2025-06-15,14,362,519.76,South,12,June
349,Tablet,SmartSupply,2025-03-10,2025-03-13,90,982,587.06,East,3,March
350,Speaker,PrimeDistributors,2025-12-11,2025-12-16,61,474,70.93,West,5,December
351,Tablet,PrimeDistributors,2025-11-23,2025-11-29,33,642,981.49,South,6,November
352,Speaker,GlobalTech,2025-01-28,2025-02-07,39,647,571.4,South,10,January
353,Monitor,TechSource,2025-03-06,2025-03-16,5,563,680.98,South,10,March
354,Keyboard,VisionElectronics,2025-11-26,2025-11-28,39,135,326.06,East,2,November
355,Keyboard,PrimeDistributors,2025-05-18,2025-05-21,63,610,241.3,West,3,May
356,Mouse,PrimeDistributors,2025-06-03,2025-06-07,86,704,244.64,West,4,June
357,Speaker,TechSource,2025-04-02,2025-04-16,40,107,763.19,South,14,April
358,Keyboard,VisionElectronics,2025-09-05,2025-09-19,72,93,561.77,East,14,September
359,Mouse,SmartSupply,2025-09-19,2025-09-26,23,650,427.51,East,7,September
360,Headphones,VisionElectronics,2025-07-16,2025-07-19,12,635,139.33,West,3,July
361,Monitor,GlobalTech,2025-10-24,2025-10-28,85,121,808.02,South,4,October
362,Printer,SmartSupply,2025-11-12,2025-11-16,12,435,350.92,Central,4,November
363,Mobile,TechSource,2025-09-16,2025-09-27,40,535,183.68,Central,11,September
364,Monitor,TechSource,2025-06-25,2025-07-06,4,415,129.29,West,11,June
365,Laptop,PrimeDistributors,2025-10-29,2025-11-05,63,158,984.9,Central,7,October
366,Printer,SmartSupply,2025-06-11,2025-06-15,95,620,204.12,Central,4,June
367,Laptop,GlobalTech,2025-01-25,2025-01-28,68,842,831.81,Central,3,January
368,Speaker,VisionElectronics,2025-08-15,2025-08-28,50,695,724.73,North,13,August
369,Speaker,SmartSupply,2025-12-30,2026-01-11,85,777,519.5,West,12,December
370,Monitor,TechSource,2025-10-13,2025-10-23,28,809,132.82,Central,10,October
371,Mobile,GlobalTech,2025-06-12,2025-06-16,41,356,477.83,East,4,June
372,Laptop,SmartSupply,2025-10-06,2025-10-12,69,669,497.72,East,6,October
373,Mobile,VisionElectronics,2025-10-16,2025-10-20,66,532,702.01,North,4,October
374,Laptop,SmartSupply,2025-05-28,2025-06-09,72,808,315.31,West,12,May
375,Monitor,VisionElectronics,2025-10-30,2025-11-05,99,362,338.75,West,6,October
376,Keyboard,TechSource,2025-02-08,2025-02-17,77,256,297.27,East,9,February
377,Mobile,PrimeDistributors,2025-08-07,2025-08-14,46,599,265.39,East,7,August
378,Mouse,GlobalTech,2025-05-27,2025-06-10,25,473,752.91,North,14,May
379,Keyboard,VisionElectronics,2025-03-24,2025-04-07,3,475,714.35,West,14,March
380,Speaker,PrimeDistributors,2025-06-22,2025-06-29,19,992,477.35,Central,7,June
381,Laptop,VisionElectronics,2025-06-13,2025-06-21,30,314,61.78,North,8,June
382,Monitor,VisionElectronics,2025-05-22,2025-06-02,99,383,756.03,East,11,May
383,Headphones,TechSource,2025-03-09,2025-03-21,2,922,363.89,Central,12,March
384,Keyboard,PrimeDistributors,2025-03-03,2025-03-04,11,625,799.7,Central,1,March
385,Monitor,PrimeDistributors,2025-11-21,2025-11-25,67,733,159.19,North,4,November
386,Laptop,PrimeDistributors,2025-11-20,2025-11-23,98,777,958.03,West,3,November
387,Speaker,PrimeDistributors,2025-03-17,2025-03-31,19,75,206.58,East,14,March
388,Speaker,VisionElectronics,2025-02-07,2025-02-11,29,228,275.56,West,4,February
389,Keyboard,GlobalTech,2025-09-17,2025-09-23,86,541,953.0,East,6,September
390,Headphones,TechSource,2025-12-27,2025-12-28,87,983,117.39,South,1,December
391,Printer,VisionElectronics,2025-03-02,2025-03-14,90,332,183.02,South,12,March
392,Laptop,PrimeDistributors,2025-04-03,2025-04-16,99,473,496.26,West,13,April
393,Printer,SmartSupply,2025-11-08,2025-11-09,49,351,97.02,West,1,November
394,Tablet,GlobalTech,2025-12-19,2025-12-29,85,806,593.45,East,10,December
395,Speaker,TechSource,2025-11-06,2025-11-20,9,393,132.74,North,14,November
396,Keyboard,PrimeDistributors,2025-12-10,2025-12-15,59,984,596.04,East,5,December
397,Laptop,PrimeDistributors,2025-05-27,2025-06-07,40,669,743.37,Central,11,May
398,Laptop,GlobalTech,2025-04-19,2025-05-01,45,651,957.31,Central,12,April
400,Mouse,GlobalTech,2025-05-26,2025-05-28,94,722,483.42,Central,2,May
401,Headphones,GlobalTech,2025-05-27,2025-06-08,84,162,117.46,East,12,May
402,Tablet,GlobalTech,2025-05-23,2025-06-01,2,846,694.74,East,9,May
403,Webcam,TechSource,2025-11-27,2025-12-10,14,259,181.93,North,13,November
404,Keyboard,GlobalTech,2025-02-08,2025-02-20,84,503,164.53,Central,12,February
405,Headphones,VisionElectronics,2025-06-15,2025-06-18,2,130,710.14,East,3,June
406,Tablet,TechSource,2025-08-23,2025-08-24,45,406,166.85,North,1,August
407,Speaker,SmartSupply,2025-10-06,2025-10-14,38,845,418.02,South,8,October
408,Tablet,VisionElectronics,2025-04-09,2025-04-22,73,998,868.66,West,13,April
409,Keyboard,SmartSupply,2025-12-20,2025-12-23,28,221,920.8,South,3,December
410,Mouse,VisionElectronics,2025-11-09,2025-11-15,33,969,405.83,Central,6,November
411,Monitor,VisionElectronics,2025-01-07,2025-01-11,56,882,378.58,East,4,January
412,Mobile,SmartSupply,2025-06-06,2025-06-16,92,468,373.57,East,10,June
413,Printer,VisionElectronics,2025-11-01,2025-11-02,64,374,554.53,West,1,November
415,Mouse,SmartSupply,2025-03-16,2025-03-29,26,204,248.42,East,13,March
416,Mobile,PrimeDistributors,2025-08-22,2025-08-25,6,876,189.71,South,3,August
417,Monitor,VisionElectronics,2025-05-02,2025-05-15,42,173,348.27,South,13,May
418,Mouse,VisionElectronics,2025-07-20,2025-07-21,17,158,972.21,Central,1,July
419,Laptop,PrimeDistributors,2025-06-14,2025-06-23,13,723,209.92,East,9,June
420,Keyboard,SmartSupply,2025-12-09,2025-12-12,42,403,296.37,South,3,December
421,Monitor,SmartSupply,2025-12-07,2025-12-21,44,188,579.82,North,14,December
422,Keyboard,VisionElectronics,2025-04-02,2025-04-10,13,160,825.92,East,8,April
423,Mobile,SmartSupply,2025-09-30,2025-10-03,86,810,802.9,Central,3,September
424,Monitor,SmartSupply,2025-12-07,2025-12-15,17,662,565.87,East,8,December
425,Printer,PrimeDistributors,2025-04-27,2025-04-29,45,608,876.47,East,2,April
426,Headphones,VisionElectronics,2025-01-05,2025-01-06,20,986,883.24,North,1,January
428,Laptop,SmartSupply,2025-04-12,2025-04-23,62,265,469.16,East,11,April
429,Keyboard,SmartSupply,2025-07-11,2025-07-20,81,740,899.73,South,9,July
430,Mouse,TechSource,2025-04-02,2025-04-05,7,414,502.66,West,3,April
431,Laptop,SmartSupply,2025-12-03,2025-12-04,97,913,278.36,East,1,December
432,Tablet,PrimeDistributors,2025-11-21,2025-12-04,80,163,503.0,East,13,November
433,Webcam,VisionElectronics,2025-11-19,2025-11-25,42,369,334.43,South,6,November
434,Keyboard,SmartSupply,2025-06-18,2025-06-26,56,335,959.58,East,8,June
435,Laptop,TechSource,2025-09-21,2025-10-01,71,591,63.6,West,10,September
437,Laptop,TechSource,2025-05-08,2025-05-17,36,596,632.92,South,9,May
438,Printer,VisionElectronics,2025-09-17,2025-10-01,75,404,571.67,Central,14,September
439,Keyboard,GlobalTech,2025-06-22,2025-06-24,16,115,123.02,South,2,June
440,Mobile,VisionElectronics,2025-05-24,2025-05-30,66,523,432.73,South,6,May
441,Headphones,SmartSupply,2025-10-22,2025-10-25,87,681,434.85,Central,3,October
442,Tablet,PrimeDistributors,2025-08-19,2025-08-24,65,962,658.45,Central,5,August
443,Monitor,TechSource,2025-01-21,2025-01-24,19,362,771.63,South,3,January
444,Headphones,GlobalTech,2025-01-10,2025-01-14,54,613,655.24,South,4,January
445,Printer,SmartSupply,2025-02-22,2025-03-02,30,752,163.96,South,8,February
446,Mobile,SmartSupply,2025-01-12,2025-01-19,82,809,648.08,North,7,January
447,Speaker,GlobalTech,2025-07-23,2025-07-24,95,290,535.57,South,1,July
448,Printer,TechSource,2025-04-06,2025-04-12,81,392,604.1,Central,6,April
449,Speaker,SmartSupply,2025-11-16,2025-11-29,65,668,306.87,South,13,November
450,Keyboard,VisionElectronics,2025-04-10,2025-04-12,13,132,914.45,East,2,April
451,Webcam,TechSource,2025-07-05,2025-07-12,29,978,933.66,South,7,July
452,Monitor,TechSource,2025-06-24,2025-07-01,21,284,683.07,West,7,June
453,Mouse,PrimeDistributors,2025-01-11,2025-01-12,47,842,333.15,West,1,January
454,Monitor,VisionElectronics,2025-07-30,2025-08-11,42,962,392.05,North,12,July
455,Keyboard,PrimeDistributors,2025-12-21,2025-12-23,71,62,445.68,West,2,December
456,Speaker,TechSource,2025-01-31,2025-02-02,73,215,498.67,West,2,January
457,Mobile,VisionElectronics,2025-04-19,2025-04-26,9,777,934.27,South,7,April
458,Printer,TechSource,2025-01-03,2025-01-15,44,198,698.08,West,12,January
459,Keyboard,GlobalTech,2025-01-21,2025-02-02,13,362,832.14,Central,12,January
460,Webcam,GlobalTech,2025-02-13,2025-02-18,46,574,410.14,North,5,February
461,Webcam,TechSource,2025-12-22,2026-01-05,35,970,749.39,West,14,December
462,Headphones,GlobalTech,2025-07-01,2025-07-05,29,220,883.76,West,4,July
463,Laptop,TechSource,2025-12-12,2025-12-18,84,168,785.29,West,6,December
464,Printer,TechSource,2025-07-05,2025-07-17,53,731,781.65,South,12,July
465,Monitor,VisionElectronics,2025-05-14,2025-05-21,25,82,752.08,North,7,May
466,Monitor,SmartSupply,2025-05-06,2025-05-18,77,696,885.29,North,12,May
467,Headphones,PrimeDistributors,2025-06-09,2025-06-20,97,778,326.59,East,11,June
468,Keyboard,GlobalTech,2025-05-12,2025-05-20,29,538,940.51,West,8,May
469,Tablet,TechSource,2025-07-24,2025-08-05,44,267,603.1,Central,12,July
470,Mobile,TechSource,2025-11-08,2025-11-12,75,192,583.23,North,4,November
471,Tablet,SmartSupply,2025-02-28,2025-03-10,57,75,854.83,Central,10,February
472,Monitor,VisionElectronics,2025-12-05,2025-12-16,72,409,911.1,East,11,December
473,Mouse,TechSource,2025-11-17,2025-11-18,88,487,496.49,South,1,November
474,Mobile,SmartSupply,2025-10-09,2025-10-10,5,645,649.38,North,1,October
475,Webcam,GlobalTech,2025-08-14,2025-08-27,21,607,122.43,South,13,August
476,Keyboard,VisionElectronics,2025-10-29,2025-11-11,94,567,473.26,Central,13,October
477,Laptop,GlobalTech,2025-08-23,2025-09-04,81,801,995.23,East,12,August
478,Printer,VisionElectronics,2025-12-17,2025-12-29,41,321,654.71,East,12,December
479,Speaker,GlobalTech,2025-03-31,2025-04-14,76,188,486.02,East,14,March
480,Printer,VisionElectronics,2025-11-07,2025-11-13,82,203,63.48,East,6,November
481,Mobile,GlobalTech,2025-10-12,2025-10-23,17,668,425.45,South,11,October
482,Webcam,TechSource,2025-09-04,2025-09-12,8,527,732.41,East,8,September
483,Mouse,VisionElectronics,2025-02-08,2025-02-09,88,803,783.05,North,1,February
484,Monitor,SmartSupply,2025-03-15,2025-03-19,92,561,574.39,Central,4,March
485,Headphones,SmartSupply,2025-08-04,2025-08-14,66,616,742.42,Central,10,August
486,Keyboard,TechSource,2025-06-04,2025-06-13,13,222,162.58,East,9,June
487,Laptop,TechSource,2025-02-03,2025-02-06,32,650,772.96,East,3,February
488,Keyboard,GlobalTech,2025-04-27,2025-05-11,99,674,472.15,North,14,April
489,Mouse,VisionElectronics,2025-10-01,2025-10-14,93,742,390.65,North,13,October
490,Webcam,GlobalTech,2025-04-24,2025-04-25,26,926,975.65,East,1,April
491,Speaker,GlobalTech,2025-07-22,2025-07-31,5,939,958.5,Central,9,July
492,Monitor,SmartSupply,2025-08-09,2025-08-13,11,873,601.08,West,4,August
493,Keyboard,GlobalTech,2025-10-09,2025-10-12,60,248,899.39,Central,3,October
494,Webcam,PrimeDistributors,2025-05-12,2025-05-19,84,448,567.28,Central,7,May
495,Tablet,SmartSupply,2025-02-10,2025-02-13,46,973,654.24,West,3,February
496,Monitor,SmartSupply,2025-09-28,2025-10-01,1,756,140.3,Central,3,September
497,Headphones,TechSource,2025-06-13,2025-06-15,24,53,194.02,North,2,June
498,Mouse,PrimeDistributors,2025-06-30,2025-07-08,23,926,85.69,North,8,June
499,Speaker,TechSource,2025-11-09,2025-11-22,60,615,394.07,South,13,November
500,Tablet,SmartSupply,2025-06-17,2025-06-24,38,134,338.75,East,7,June
501,Printer,PrimeDistributors,2025-12-08,2025-12-12,36,800,445.15,South,4,December
502,Monitor,TechSource,2025-11-02,2025-11-16,25,161,825.94,East,14,November
503,Mouse,PrimeDistributors,2025-02-16,2025-02-22,39,577,766.54,Central,6,February
504,Tablet,SmartSupply,2025-08-29,2025-09-09,31,987,723.85,South,11,August
505,Speaker,TechSource,2025-09-12,2025-09-26,81,700,647.01,North,14,September
506,Speaker,TechSource,2025-11-20,2025-11-24,21,918,147.39,North,4,November
507,Laptop,SmartSupply,2025-02-20,2025-02-24,88,243,712.35,North,4,February
508,Speaker,PrimeDistributors,2025-06-16,2025-06-29,81,467,816.72,North,13,June
509,Printer,TechSource,2025-05-21,2025-05-27,84,357,199.46,North,6,May
510,Tablet,GlobalTech,2025-03-17,2025-03-30,64,114,346.38,West,13,March
511,Mobile,GlobalTech,2025-02-01,2025-02-05,83,92,847.05,North,4,February
512,Tablet,SmartSupply,2025-09-27,2025-09-29,4,777,719.63,North,2,September
513,Monitor,PrimeDistributors,2025-06-17,2025-06-20,65,502,732.53,East,3,June
515,Speaker,SmartSupply,2025-01-22,2025-01-25,72,568,347.22,South,3,January
516,Keyboard,VisionElectronics,2025-09-29,2025-10-06,51,259,285.13,North,7,September
517,Monitor,TechSource,2025-04-23,2025-05-05,75,950,385.31,North,12,April
518,Monitor,TechSource,2025-01-05,2025-01-14,59,82,321.47,East,9,January
519,Mobile,TechSource,2025-08-02,2025-08-07,94,608,412.37,Central,5,August
520,Tablet,SmartSupply,2025-03-25,2025-03-31,79,264,239.04,Central,6,March
521,Headphones,TechSource,2025-09-05,2025-09-09,82,880,460.42,South,4,September
522,Webcam,PrimeDistributors,2025-03-03,2025-03-16,17,371,972.14,West,13,March
523,Monitor,TechSource,2025-11-14,2025-11-23,82,523,603.07,East,9,November
524,Tablet,SmartSupply,2025-06-26,2025-07-08,3,827,540.95,South,12,June
525,Webcam,SmartSupply,2025-05-04,2025-05-12,38,71,186.74,Central,8,May
527,Monitor,SmartSupply,2025-11-18,2025-12-02,34,967,966.76,South,14,November
528,Printer,GlobalTech,2025-03-14,2025-03-15,59,149,287.05,Central,1,March
530,Headphones,TechSource,2025-02-17,2025-02-22,22,917,716.08,Central,5,February
531,Laptop,TechSource,2025-10-11,2025-10-12,45,117,939.45,West,1,October
532,Webcam,GlobalTech,2025-03-24,2025-03-25,36,122,847.81,North,1,March
533,Printer,PrimeDistributors,2025-11-26,2025-11-28,50,468,895.55,North,2,November
534,Speaker,VisionElectronics,2025-09-28,2025-10-02,27,971,996.45,North,4,September
537,Laptop,GlobalTech,2025-11-14,2025-11-24,75,577,127.09,South,10,November
538,Mouse,SmartSupply,2025-02-07,2025-02-10,59,368,567.04,South,3,February
539,Tablet,GlobalTech,2025-12-24,2025-12-25,91,799,326.92,North,1,December
540,Printer,VisionElectronics,2025-03-14,2025-03-27,89,344,305.41,North,13,March
541,Speaker,GlobalTech,2025-07-01,2025-07-06,82,617,798.0,Central,5,July
542,Printer,SmartSupply,2025-02-27,2025-03-10,40,469,558.27,Central,11,February
543,Mobile,SmartSupply,2025-12-01,2025-12-13,98,112,327.76,South,12,December
544,Mouse,SmartSupply,2025-07-04,2025-07-17,86,305,437.25,West,13,July
545,Tablet,TechSource,2025-07-26,2025-07-27,3,983,672.42,Central,1,July
546,Webcam,SmartSupply,2025-05-13,2025-05-14,92,70,759.44,Central,1,May
547,Keyboard,VisionElectronics,2025-10-30,2025-11-03,35,118,57.57,West,4,October
548,Webcam,GlobalTech,2025-10-10,2025-10-18,23,714,389.04,West,8,October
549,Tablet,PrimeDistributors,2025-12-10,2025-12-19,46,593,818.86,West,9,December
550,Laptop,TechSource,2025-04-20,2025-04-30,58,856,270.19,Central,10,April
551,Printer,PrimeDistributors,2025-11-13,2025-11-22,35,88,234.17,South,9,November
552,Tablet,TechSource,2025-03-28,2025-03-29,80,463,467.25,Central,1,March
553,Tablet,PrimeDistributors,2025-08-27,2025-09-01,13,721,709.25,North,5,August
554,Monitor,GlobalTech,2025-09-04,2025-09-12,66,534,745.78,North,8,September
555,Webcam,VisionElectronics,2025-07-28,2025-08-11,78,683,386.56,East,14,July
556,Webcam,SmartSupply,2025-06-11,2025-06-20,28,60,283.08,West,9,June
557,Speaker,SmartSupply,2025-06-01,2025-06-09,47,338,457.5,East,8,June
558,Webcam,SmartSupply,2025-11-26,2025-12-04,65,974,525.11,Central,8,November
559,Mobile,TechSource,2025-09-03,2025-09-04,93,993,947.86,Central,1,September
560,Tablet,PrimeDistributors,2025-11-16,2025-11-29,88,331,536.67,Central,13,November
561,Keyboard,PrimeDistributors,2025-10-09,2025-10-10,7,363,532.41,North,1,October
562,Laptop,SmartSupply,2025-08-29,2025-09-12,43,586,689.58,Central,14,August
563,Webcam,TechSource,2025-04-27,2025-05-08,16,74,744.75,North,11,April
564,Printer,SmartSupply,2025-04-03,2025-04-12,80,474,510.84,North,9,April
565,Keyboard,SmartSupply,2025-07-18,2025-08-01,19,986,888.43,East,14,July
566,Speaker,GlobalTech,2025-06-30,2025-07-14,18,484,316.84,West,14,June
567,Headphones,TechSource,2025-08-27,2025-09-05,36,384,113.24,North,9,August
568,Mobile,VisionElectronics,2025-06-22,2025-06-24,77,606,989.76,Central,2,June
569,Keyboard,SmartSupply,2025-05-03,2025-05-13,83,52,382.99,West,10,May
570,Webcam,SmartSupply,2025-03-01,2025-03-05,95,668,932.82,South,4,March
571,Speaker,PrimeDistributors,2025-03-03,2025-03-04,92,720,814.27,North,1,March
572,Webcam,GlobalTech,2025-05-16,2025-05-25,58,918,545.02,West,9,May
573,Monitor,SmartSupply,2025-07-28,2025-07-31,83,753,727.57,West,3,July
574,Printer,SmartSupply,2025-09-22,2025-10-04,29,491,912.82,Central,12,September
575,Mouse,GlobalTech,2025-03-05,2025-03-15,86,623,198.65,Central,10,March
576,Printer,TechSource,2025-09-26,2025-10-07,16,569,609.08,Central,11,September
578,Keyboard,TechSource,2025-01-02,2025-01-04,90,840,676.54,North,2,January
579,Printer,PrimeDistributors,2025-08-27,2025-08-30,67,271,263.79,West,3,August
580,Mouse,PrimeDistributors,2025-04-20,2025-05-03,7,839,109.98,West,13,April
581,Printer,VisionElectronics,2025-10-06,2025-10-13,88,389,784.98,West,7,October
582,Headphones,PrimeDistributors,2025-06-10,2025-06-22,1,726,296.6,Central,12,June
583,Monitor,TechSource,2025-04-06,2025-04-09,60,169,865.21,East,3,April
584,Tablet,SmartSupply,2025-08-20,2025-09-02,77,279,139.61,North,13,August
585,Printer,SmartSupply,2025-07-01,2025-07-14,48,76,998.95,Central,13,July
586,Webcam,PrimeDistributors,2025-10-14,2025-10-25,67,414,492.53,Central,11,October
587,Monitor,PrimeDistributors,2025-10-18,2025-10-22,54,975,347.14,East,4,October
588,Headphones,SmartSupply,2025-03-27,2025-04-02,49,405,86.99,South,6,March
589,Monitor,TechSource,2025-12-21,2025-12-24,85,174,607.59,West,3,December
590,Keyboard,SmartSupply,2025-03-02,2025-03-15,43,499,722.03,North,13,March
591,Tablet,VisionElectronics,2025-10-03,2025-10-06,24,700,932.68,Central,3,October
592,Monitor,VisionElectronics,2025-07-10,2025-07-21,51,710,982.06,North,11,July
593,Printer,SmartSupply,2025-06-19,2025-06-23,25,63,100.68,Central,4,June
594,Printer,PrimeDistributors,2025-06-04,2025-06-11,82,937,944.61,West,7,June
595,Speaker,GlobalTech,2025-05-13,2025-05-20,59,560,975.54,East,7,May
596,Mouse,GlobalTech,2025-11-17,2025-11-24,65,704,243.96,North,7,November
597,Mobile,SmartSupply,2025-04-03,2025-04-17,20,483,790.15,East,14,April
598,Headphones,VisionElectronics,2025-07-26,2025-08-07,20,271,914.7,South,12,July
599,Mobile,VisionElectronics,2025-04-04,2025-04-17,37,994,313.16,South,13,April
600,Headphones,PrimeDistributors,2025-03-16,2025-03-24,43,199,717.51,South,8,March
601,Mouse,SmartSupply,2025-07-28,2025-08-01,55,193,706.15,Central,4,July
602,Monitor,TechSource,2025-08-27,2025-09-04,87,137,890.35,East,8,August
603,Monitor,TechSource,2025-06-28,2025-07-02,81,800,622.89,Central,4,June
604,Mouse,TechSource,2025-08-10,2025-08-24,53,680,426.16,South,14,August
605,Keyboard,VisionElectronics,2025-12-16,2025-12-29,11,147,117.48,South,13,December
606,Mouse,VisionElectronics,2025-10-17,2025-10-28,50,407,945.26,Central,11,October
607,Monitor,SmartSupply,2025-03-25,2025-03-28,40,633,467.75,Central,3,March
608,Webcam,PrimeDistributors,2025-12-16,2025-12-24,39,589,387.55,Central,8,December
609,Webcam,GlobalTech,2025-02-05,2025-02-10,86,565,189.58,East,5,February
610,Monitor,SmartSupply,2025-10-29,2025-11-12,64,535,791.53,West,14,October
611,Tablet,GlobalTech,2025-04-22,2025-05-04,17,114,486.6,North,12,April
612,Headphones,TechSource,2025-04-16,2025-04-21,98,826,231.19,South,5,April
613,Tablet,VisionElectronics,2025-04-16,2025-04-23,13,898,776.9,South,7,April
614,Mobile,VisionElectronics,2025-08-07,2025-08-12,77,769,673.25,West,5,August
615,Tablet,VisionElectronics,2025-02-07,2025-02-10,99,97,436.46,East,3,February
616,Headphones,PrimeDistributors,2025-12-11,2025-12-25,13,926,953.87,East,14,December
617,Webcam,VisionElectronics,2025-03-18,2025-03-27,14,656,432.64,North,9,March
618,Printer,PrimeDistributors,2025-11-29,2025-12-10,63,471,861.97,East,11,November
619,Printer,PrimeDistributors,2025-05-11,2025-05-24,98,769,321.42,North,13,May
620,Keyboard,VisionElectronics,2025-01-06,2025-01-20,10,436,899.29,North,14,January
622,Tablet,GlobalTech,2025-09-07,2025-09-11,22,437,50.62,South,4,September
623,Laptop,PrimeDistributors,2025-10-03,2025-10-07,54,981,485.41,North,4,October
624,Mobile,SmartSupply,2025-02-27,2025-03-07,91,158,947.43,South,8,February
625,Tablet,GlobalTech,2025-04-21,2025-05-02,28,522,717.36,South,11,April
626,Mobile,PrimeDistributors,2025-10-13,2025-10-20,93,287,836.18,East,7,October
627,Tablet,TechSource,2025-04-04,2025-04-09,81,985,265.4,West,5,April
628,Monitor,TechSource,2025-07-21,2025-08-02,87,433,83.17,North,12,July
629,Printer,GlobalTech,2025-11-04,2025-11-13,1,93,73.72,North,9,November
630,Laptop,VisionElectronics,2025-10-15,2025-10-27,78,953,317.0,North,12,October
631,Webcam,SmartSupply,2025-04-17,2025-04-25,62,932,763.23,North,8,April
632,Monitor,GlobalTech,2025-08-09,2025-08-14,40,456,930.99,Central,5,August
633,Printer,SmartSupply,2025-07-11,2025-07-14,72,282,318.66,East,3,July
634,Monitor,VisionElectronics,2025-12-10,2025-12-11,66,112,89.42,East,1,December
635,Keyboard,PrimeDistributors,2025-09-30,2025-10-06,56,77,855.7,East,6,September
636,Printer,GlobalTech,2025-09-01,2025-09-05,90,226,317.54,Central,4,September
637,Laptop,VisionElectronics,2025-11-04,2025-11-14,60,543,804.76,East,10,November
638,Headphones,TechSource,2025-08-26,2025-09-03,28,946,134.54,West,8,August
639,Mouse,VisionElectronics,2025-07-27,2025-07-29,38,541,206.64,Central,2,July
640,Keyboard,TechSource,2025-01-25,2025-01-27,24,559,107.09,South,2,January
641,Keyboard,GlobalTech,2025-12-26,2026-01-05,67,201,826.54,East,10,December
642,Speaker,GlobalTech,2025-04-23,2025-04-26,53,605,440.64,South,3,April
643,Tablet,TechSource,2025-12-06,2025-12-18,4,136,333.91,North,12,December
644,Keyboard,PrimeDistributors,2025-03-07,2025-03-21,21,901,839.4,Central,14,March
645,Webcam,TechSource,2025-10-21,2025-11-03,52,351,650.63,South,13,October
646,Tablet,VisionElectronics,2025-03-11,2025-03-12,68,140,934.98,East,1,March
647,Tablet,TechSource,2025-08-02,2025-08-10,64,601,429.54,West,8,August
648,Monitor,SmartSupply,2025-07-19,2025-07-26,53,360,393.46,Central,7,July
649,Monitor,TechSource,2025-12-24,2026-01-06,73,620,615.11,West,13,December
650,Tablet,PrimeDistributors,2025-11-03,2025-11-17,90,766,589.58,Central,14,November
651,Speaker,GlobalTech,2025-08-08,2025-08-18,95,747,459.67,West,10,August
652,Laptop,TechSource,2025-12-11,2025-12-23,55,327,265.2,North,12,December
653,Printer,SmartSupply,2025-09-06,2025-09-16,42,454,757.92,Central,10,September
654,Laptop,TechSource,2025-07-27,2025-08-04,17,651,198.23,Central,8,July
655,Headphones,SmartSupply,2025-09-19,2025-09-22,61,704,832.44,Central,3,September
656,Headphones,GlobalTech,2025-08-29,2025-09-03,35,109,162.71,North,5,August
657,Webcam,SmartSupply,2025-08-05,2025-08-07,47,54,346.21,South,2,August
658,Laptop,VisionElectronics,2025-05-26,2025-05-30,14,511,115.03,East,4,May
659,Keyboard,VisionElectronics,2025-03-04,2025-03-15,81,468,386.93,East,11,March
660,Headphones,SmartSupply,2025-05-02,2025-05-14,24,366,466.27,South,12,May
661,Mouse,PrimeDistributors,2025-03-06,2025-03-09,13,875,560.89,West,3,March
662,Mouse,PrimeDistributors,2025-10-23,2025-11-03,45,907,209.79,South,11,October
664,Headphones,GlobalTech,2025-09-21,2025-09-28,57,847,764.78,South,7,September
665,Tablet,PrimeDistributors,2025-07-16,2025-07-21,60,659,833.25,Central,5,July
666,Headphones,GlobalTech,2025-12-16,2025-12-22,4,142,919.31,South,6,December
667,Webcam,VisionElectronics,2025-09-28,2025-10-06,96,506,343.04,East,8,September
668,Laptop,TechSource,2025-11-19,2025-11-29,96,437,358.13,North,10,November
669,Printer,SmartSupply,2025-08-02,2025-08-10,35,583,175.78,Central,8,August
670,Keyboard,TechSource,2025-09-08,2025-09-18,9,365,231.58,South,10,September
671,Speaker,PrimeDistributors,2025-04-23,2025-05-04,73,840,112.41,Central,11,April
672,Tablet,PrimeDistributors,2025-02-16,2025-02-20,30,330,202.21,North,4,February
673,Webcam,TechSource,2025-03-15,2025-03-29,58,655,145.23,North,14,March
674,Mouse,SmartSupply,2025-11-30,2025-12-03,48,787,122.97,East,3,November
675,Printer,GlobalTech,2025-03-26,2025-03-31,45,952,178.69,West,5,March
676,Mobile,SmartSupply,2025-05-01,2025-05-11,54,380,449.0,South,10,May
677,Printer,GlobalTech,2025-07-06,2025-07-16,57,413,348.02,West,10,July
678,Mouse,SmartSupply,2025-07-07,2025-07-20,2,523,311.48,West,13,July
679,Laptop,VisionElectronics,2025-01-12,2025-01-25,63,302,351.68,Central,13,January
680,Webcam,PrimeDistributors,2025-01-08,2025-01-13,80,853,477.56,West,5,January
681,Tablet,PrimeDistributors,2025-04-11,2025-04-25,16,831,764.84,West,14,April
682,Monitor,VisionElectronics,2025-05-04,2025-05-17,29,244,510.17,East,13,May
683,Monitor,VisionElectronics,2025-04-16,2025-04-21,27,360,196.2,North,5,April
684,Mobile,PrimeDistributors,2025-11-22,2025-11-26,22,273,695.71,West,4,November
685,Keyboard,PrimeDistributors,2025-01-30,2025-02-12,87,83,233.76,West,13,January
686,Mouse,SmartSupply,2025-01-22,2025-01-26,36,890,268.49,West,4,January
687,Mouse,GlobalTech,2025-08-27,2025-09-05,9,337,833.13,Central,9,August
688,Monitor,GlobalTech,2025-12-09,2025-12-23,22,885,307.11,Central,14,December
689,Webcam,GlobalTech,2025-10-25,2025-11-03,95,184,161.42,East,9,October
690,Keyboard,SmartSupply,2025-12-07,2025-12-20,95,230,779.61,West,13,December
691,Mobile,PrimeDistributors,2025-05-18,2025-05-20,60,834,525.68,East,2,May
692,Tablet,GlobalTech,2025-03-29,2025-03-30,85,53,623.03,West,1,March
693,Laptop,VisionElectronics,2025-04-05,2025-04-06,75,397,235.26,Central,1,April
694,Mobile,GlobalTech,2025-04-16,2025-04-23,24,821,147.7,East,7,April
695,Keyboard,TechSource,2025-10-23,2025-10-25,12,244,692.66,South,2,October
697,Webcam,TechSource,2025-09-23,2025-10-05,40,786,644.06,South,12,September
698,Printer,VisionElectronics,2025-10-30,2025-11-04,80,286,625.7,South,5,October
699,Speaker,TechSource,2025-12-29,2026-01-09,80,211,224.28,South,11,December
700,Speaker,TechSource,2025-01-12,2025-01-20,76,907,63.0,South,8,January
701,Tablet,VisionElectronics,2025-06-25,2025-06-29,60,627,455.08,West,4,June
702,Mobile,VisionElectronics,2025-06-08,2025-06-17,29,576,895.87,West,9,June
703,Headphones,PrimeDistributors,2025-05-05,2025-05-12,21,955,569.36,South,7,May
704,Mobile,VisionElectronics,2025-08-04,2025-08-18,58,381,193.15,Central,14,August
705,Mouse,PrimeDistributors,2025-01-22,2025-02-05,56,778,342.49,West,14,January
706,Printer,SmartSupply,2025-05-28,2025-05-30,67,712,51.06,East,2,May
707,Keyboard,VisionElectronics,2025-05-29,2025-06-06,78,792,65.43,North,8,May
708,Tablet,TechSource,2025-03-28,2025-04-11,46,849,822.76,North,14,March
709,Mobile,SmartSupply,2025-11-06,2025-11-18,5,158,899.55,East,12,November
710,Keyboard,PrimeDistributors,2025-12-19,2025-12-24,17,525,291.76,East,5,December
711,Monitor,TechSource,2025-07-31,2025-08-03,73,846,130.8,South,3,July
712,Speaker,VisionElectronics,2025-11-21,2025-12-03,72,296,506.05,East,12,November
713,Printer,SmartSupply,2025-02-23,2025-03-03,90,577,995.79,North,8,February
714,Laptop,PrimeDistributors,2025-02-27,2025-03-04,81,755,688.88,East,5,February
715,Keyboard,VisionElectronics,2025-06-10,2025-06-13,69,524,163.58,Central,3,June
716,Tablet,SmartSupply,2025-10-03,2025-10-12,4,292,524.96,Central,9,October
717,Speaker,PrimeDistributors,2025-06-20,2025-07-03,86,525,470.88,Central,13,June
718,Keyboard,SmartSupply,2025-12-08,2025-12-19,72,249,965.31,South,11,December
719,Speaker,SmartSupply,2025-10-26,2025-11-08,20,489,104.18,West,13,October
720,Webcam,GlobalTech,2025-07-26,2025-08-02,42,460,935.92,East,7,July
721,Mouse,SmartSupply,2025-10-02,2025-10-08,42,269,903.04,West,6,October
722,Tablet,GlobalTech,2025-09-20,2025-10-01,61,373,230.44,West,11,September
724,Printer,SmartSupply,2025-03-30,2025-04-12,54,165,691.88,North,13,March
725,Webcam,PrimeDistributors,2025-01-07,2025-01-21,11,397,937.99,South,14,January
726,Speaker,SmartSupply,2025-01-28,2025-02-08,26,970,108.93,North,11,January
727,Keyboard,VisionElectronics,2025-06-13,2025-06-27,30,397,997.86,Central,14,June
728,Headphones,SmartSupply,2025-06-22,2025-07-06,89,996,50.18,Central,14,June
729,Mouse,GlobalTech,2025-03-05,2025-03-11,38,369,823.04,North,6,March
730,Speaker,PrimeDistributors,2025-07-29,2025-07-30,74,699,299.35,South,1,July
731,Mouse,VisionElectronics,2025-08-18,2025-08-29,33,562,204.41,South,11,August
732,Mouse,TechSource,2025-01-04,2025-01-05,43,551,105.64,South,1,January
733,Headphones,SmartSupply,2025-07-08,2025-07-11,24,341,563.26,East,3,July
734,Speaker,SmartSupply,2025-10-10,2025-10-24,18,205,331.51,East,14,October
735,Monitor,GlobalTech,2025-07-06,2025-07-10,17,600,942.59,North,4,July
736,Printer,VisionElectronics,2025-05-12,2025-05-26,75,115,648.59,South,14,May
737,Tablet,GlobalTech,2025-03-31,2025-04-05,1,432,881.38,Central,5,March
738,Headphones,GlobalTech,2025-03-11,2025-03-23,24,647,496.04,Central,12,March
739,Webcam,SmartSupply,2025-01-30,2025-02-08,33,278,796.63,North,9,January
741,Monitor,SmartSupply,2025-06-29,2025-07-06,44,999,170.74,South,7,June
742,Monitor,GlobalTech,2025-08-24,2025-08-30,58,978,843.6,East,6,August
743,Mobile,GlobalTech,2025-03-09,2025-03-20,68,930,528.37,West,11,March
744,Speaker,VisionElectronics,2025-05-14,2025-05-24,57,134,443.43,West,10,May
745,Laptop,PrimeDistributors,2025-06-28,2025-07-05,9,478,828.63,Central,7,June
746,Webcam,PrimeDistributors,2025-02-11,2025-02-16,39,939,126.1,East,5,February
747,Keyboard,PrimeDistributors,2025-12-05,2025-12-15,6,445,427.9,Central,10,December
748,Headphones,VisionElectronics,2025-05-27,2025-05-30,8,171,188.06,East,3,May
749,Headphones,TechSource,2025-03-26,2025-03-29,87,65,587.72,West,3,March
750,Monitor,GlobalTech,2025-11-30,2025-12-13,71,64,788.92,North,13,November
751,Laptop,TechSource,2025-10-05,2025-10-13,44,50,363.87,North,8,October
752,Speaker,TechSource,2025-11-02,2025-11-14,81,749,167.12,West,12,November
753,Printer,PrimeDistributors,2025-10-06,2025-10-17,69,476,94.62,East,11,October
754,Mobile,VisionElectronics,2025-11-30,2025-12-12,59,493,211.38,East,12,November
755,Speaker,VisionElectronics,2025-02-25,2025-03-08,96,517,600.64,North,11,February
756,Headphones,PrimeDistributors,2025-11-19,2025-11-29,6,841,349.6,Central,10,November
757,Mouse,GlobalTech,2025-07-16,2025-07-25,82,416,247.39,Central,9,July
758,Mobile,PrimeDistributors,2025-06-24,2025-07-06,55,764,851.57,South,12,June
759,Printer,TechSource,2025-08-26,2025-09-09,45,477,515.38,East,14,August
760,Headphones,VisionElectronics,2025-08-02,2025-08-09,19,899,819.94,West,7,August
761,Keyboard,TechSource,2025-07-06,2025-07-07,28,940,114.57,Central,1,July
762,Keyboard,VisionElectronics,2025-04-09,2025-04-11,40,641,691.97,West,2,April
763,Headphones,PrimeDistributors,2025-06-22,2025-07-06,55,263,885.62,North,14,June
764,Tablet,PrimeDistributors,2025-03-06,2025-03-12,64,392,509.61,East,6,March
765,Laptop,SmartSupply,2025-05-26,2025-06-02,21,362,238.87,Central,7,May
766,Headphones,VisionElectronics,2025-03-29,2025-04-01,51,731,499.38,East,3,March
767,Speaker,PrimeDistributors,2025-05-14,2025-05-25,57,848,235.97,Central,11,May
768,Mouse,GlobalTech,2025-06-26,2025-07-03,92,450,709.32,North,7,June
769,Speaker,PrimeDistributors,2025-02-27,2025-03-01,6,380,321.34,East,2,February
770,Headphones,TechSource,2025-05-22,2025-05-24,3,552,595.16,East,2,May
771,Mouse,TechSource,2025-05-26,2025-05-27,88,798,290.93,West,1,May
772,Laptop,PrimeDistributors,2025-06-02,2025-06-15,98,394,350.27,East,13,June
773,Printer,TechSource,2025-07-30,2025-08-08,73,690,361.05,South,9,July
774,Headphones,PrimeDistributors,2025-12-02,2025-12-14,55,451,341.09,Central,12,December
775,Webcam,SmartSupply,2025-05-14,2025-05-19,70,913,839.96,South,5,May
776,Speaker,TechSource,2025-01-10,2025-01-24,18,649,430.3,West,14,January
777,Speaker,SmartSupply,2025-07-10,2025-07-18,9,203,936.12,North,8,July
778,Tablet,GlobalTech,2025-11-04,2025-11-09,5,837,817.33,Central,5,November
779,Webcam,SmartSupply,2025-01-13,2025-01-17,74,238,322.86,North,4,January
780,Keyboard,PrimeDistributors,2025-04-27,2025-05-08,42,958,248.98,West,11,April
781,Headphones,VisionElectronics,2025-02-06,2025-02-16,73,357,536.6,Central,10,February
783,Tablet,PrimeDistributors,2025-10-03,2025-10-15,81,542,688.12,South,12,October
784,Webcam,GlobalTech,2025-12-25,2026-01-06,70,756,346.58,East,12,December
785,Keyboard,TechSource,2025-12-06,2025-12-11,86,876,56.47,West,5,December
786,Tablet,SmartSupply,2025-01-15,2025-01-24,35,232,186.0,West,9,January
787,Keyboard,SmartSupply,2025-01-07,2025-01-21,49,193,511.86,South,14,January
788,Keyboard,PrimeDistributors,2025-08-08,2025-08-12,42,322,337.34,East,4,August
789,Mouse,PrimeDistributors,2025-01-10,2025-01-12,25,567,705.81,North,2,January
790,Headphones,GlobalTech,2025-12-03,2025-12-17,75,587,281.39,West,14,December
791,Keyboard,SmartSupply,2025-03-16,2025-03-22,90,737,362.38,East,6,March
792,Tablet,VisionElectronics,2025-10-03,2025-10-09,9,670,719.79,East,6,October
793,Headphones,VisionElectronics,2025-09-03,2025-09-16,7,332,961.5,North,13,September
794,Webcam,PrimeDistributors,2025-05-03,2025-05-14,33,739,431.7,North,11,May
795,Keyboard,SmartSupply,2025-07-06,2025-07-07,48,438,982.18,West,1,July
796,Keyboard,PrimeDistributors,2025-06-24,2025-07-08,14,496,720.35,North,14,June
797,Tablet,GlobalTech,2025-01-24,2025-01-28,82,99,340.99,East,4,January
798,Mouse,PrimeDistributors,2025-09-28,2025-09-30,8,640,286.35,North,2,September
799,Headphones,VisionElectronics,2025-12-20,2025-12-28,96,750,182.29,North,8,December
800,Mobile,TechSource,2025-09-26,2025-09-27,62,128,389.33,Central,1,September
801,Printer,PrimeDistributors,2025-04-08,2025-04-10,71,526,81.6,North,2,April
802,Headphones,PrimeDistributors,2025-02-07,2025-02-21,91,359,500.31,North,14,February
803,Mouse,SmartSupply,2025-02-25,2025-03-11,85,494,795.81,Central,14,February
804,Webcam,GlobalTech,2025-09-29,2025-10-01,43,322,313.03,West,2,September
805,Mobile,TechSource,2025-03-26,2025-04-02,94,439,345.99,Central,7,March
806,Keyboard,GlobalTech,2025-03-10,2025-03-14,37,537,504.77,North,4,March
807,Mouse,GlobalTech,2025-11-18,2025-11-27,86,881,317.32,Central,9,November
808,Laptop,TechSource,2025-09-08,2025-09-22,18,376,932.37,North,14,September
809,Mouse,TechSource,2025-08-04,2025-08-08,82,332,406.08,West,4,August
810,Tablet,GlobalTech,2025-04-16,2025-04-25,60,631,152.63,South,9,April
811,Headphones,PrimeDistributors,2025-12-28,2026-01-05,13,489,812.28,North,8,December
813,Mobile,GlobalTech,2025-10-13,2025-10-23,58,757,989.4,South,10,October
814,Printer,TechSource,2025-09-20,2025-09-28,86,555,561.48,West,8,September
815,Monitor,VisionElectronics,2025-12-29,2026-01-11,90,895,865.82,South,13,December
816,Printer,TechSource,2025-07-03,2025-07-06,20,460,50.57,North,3,July
817,Keyboard,VisionElectronics,2025-01-24,2025-01-31,86,880,108.35,East,7,January
818,Printer,SmartSupply,2025-03-03,2025-03-17,75,261,817.47,North,14,March
819,Laptop,GlobalTech,2025-02-11,2025-02-13,31,207,107.22,North,2,February
820,Tablet,SmartSupply,2025-10-21,2025-11-04,89,256,794.0,East,14,October
821,Mobile,VisionElectronics,2025-02-26,2025-03-10,35,163,230.62,Central,12,February
822,Laptop,PrimeDistributors,2025-07-17,2025-07-22,51,946,284.61,West,5,July
823,Headphones,VisionElectronics,2025-03-02,2025-03-08,26,897,159.78,South,6,March
824,Laptop,PrimeDistributors,2025-07-11,2025-07-22,59,584,981.75,West,11,July
825,Mouse,SmartSupply,2025-12-01,2025-12-03,78,639,473.18,South,2,December
826,Laptop,TechSource,2025-01-10,2025-01-12,12,887,671.99,West,2,January
827,Monitor,PrimeDistributors,2025-05-09,2025-05-15,58,247,803.47,North,6,May
828,Webcam,SmartSupply,2025-10-06,2025-10-13,77,440,297.87,South,7,October
829,Tablet,PrimeDistributors,2025-04-07,2025-04-11,64,268,950.39,South,4,April
830,Laptop,PrimeDistributors,2025-02-24,2025-03-06,80,648,639.23,South,10,February
831,Tablet,TechSource,2025-02-04,2025-02-07,29,595,477.77,East,3,February
832,Tablet,GlobalTech,2025-11-10,2025-11-12,1,622,348.02,South,2,November
833,Mouse,TechSource,2025-08-14,2025-08-28,21,175,279.75,South,14,August
834,Keyboard,TechSource,2025-04-25,2025-05-05,64,765,620.9,East,10,April
835,Mobile,GlobalTech,2025-10-11,2025-10-12,58,179,409.31,Central,1,October
836,Tablet,GlobalTech,2025-09-28,2025-10-07,60,839,118.66,North,9,September
837,Speaker,TechSource,2025-07-22,2025-08-01,48,476,132.72,Central,10,July
838,Headphones,TechSource,2025-12-10,2025-12-18,97,706,270.02,South,8,December
839,Headphones,PrimeDistributors,2025-12-18,2025-12-27,9,885,929.76,South,9,December
840,Webcam,PrimeDistributors,2025-04-04,2025-04-12,75,390,569.34,South,8,April
841,Mobile,PrimeDistributors,2025-12-31,2026-01-01,42,545,336.39,South,1,December
842,Laptop,SmartSupply,2025-01-17,2025-01-26,29,784,53.65,West,9,January
843,Speaker,VisionElectronics,2025-02-16,2025-02-27,77,128,524.24,Central,11,February
844,Webcam,GlobalTech,2025-09-04,2025-09-07,52,587,452.58,West,3,September
845,Keyboard,VisionElectronics,2025-12-04,2025-12-09,66,859,575.88,North,5,December
846,Headphones,GlobalTech,2025-03-17,2025-03-18,63,692,462.01,East,1,March
847,Mouse,PrimeDistributors,2025-07-19,2025-07-23,7,95,754.55,North,4,July
848,Webcam,PrimeDistributors,2025-02-18,2025-02-27,80,193,477.83,West,9,February
849,Tablet,TechSource,2025-05-14,2025-05-18,78,860,157.2,South,4,May
850,Mouse,GlobalTech,2025-05-01,2025-05-14,63,485,554.79,East,13,May
851,Laptop,PrimeDistributors,2025-01-02,2025-01-16,12,779,548.8,South,14,January
852,Monitor,GlobalTech,2025-08-24,2025-09-03,28,865,50.9,South,10,August
854,Keyboard,VisionElectronics,2025-10-03,2025-10-14,55,317,715.82,East,11,October
855,Printer,GlobalTech,2025-06-11,2025-06-23,77,241,219.5,West,12,June
856,Printer,SmartSupply,2025-06-29,2025-07-10,94,422,423.95,West,11,June
857,Monitor,SmartSupply,2025-06-04,2025-06-09,48,696,855.17,East,5,June
858,Monitor,PrimeDistributors,2025-03-10,2025-03-17,37,58,653.56,North,7,March
859,Headphones,GlobalTech,2025-06-03,2025-06-08,21,938,581.76,Central,5,June
860,Tablet,VisionElectronics,2025-02-04,2025-02-11,14,827,933.66,South,7,February
861,Webcam,SmartSupply,2025-06-18,2025-06-28,17,706,802.3,North,10,June
862,Mouse,PrimeDistributors,2025-09-25,2025-10-02,42,446,722.05,North,7,September
864,Keyboard,VisionElectronics,2025-09-19,2025-09-27,11,496,73.53,North,8,September
865,Webcam,GlobalTech,2025-01-02,2025-01-10,11,685,543.35,Central,8,January
866,Mouse,GlobalTech,2025-07-31,2025-08-08,93,923,464.43,Central,8,July
867,Mobile,TechSource,2025-12-08,2025-12-13,94,728,898.73,North,5,December
869,Printer,PrimeDistributors,2025-02-20,2025-02-22,24,612,131.13,Central,2,February
870,Tablet,VisionElectronics,2025-02-26,2025-03-12,88,850,457.69,North,14,February
871,Webcam,VisionElectronics,2025-09-01,2025-09-13,27,635,529.67,South,12,September
872,Webcam,TechSource,2025-02-01,2025-02-11,25,892,802.34,West,10,February
873,Tablet,TechSource,2025-08-20,2025-09-03,93,848,92.89,Central,14,August
874,Laptop,GlobalTech,2025-09-15,2025-09-17,98,645,476.62,Central,2,September
875,Headphones,PrimeDistributors,2025-09-03,2025-09-05,72,942,890.57,South,2,September
876,Laptop,VisionElectronics,2025-12-09,2025-12-13,11,243,971.57,North,4,December
877,Speaker,PrimeDistributors,2025-01-13,2025-01-21,68,91,649.23,East,8,January
878,Printer,GlobalTech,2025-10-06,2025-10-17,80,882,140.86,Central,11,October
879,Monitor,SmartSupply,2025-01-18,2025-01-27,26,463,110.69,Central,9,January
880,Headphones,GlobalTech,2025-09-16,2025-09-26,58,299,764.18,East,10,September
881,Mobile,GlobalTech,2025-04-18,2025-04-30,77,534,623.05,Central,12,April
882,Headphones,VisionElectronics,2025-10-09,2025-10-19,76,65,83.45,North,10,October
883,Monitor,TechSource,2025-02-01,2025-02-06,75,379,733.27,Central,5,February
884,Headphones,SmartSupply,2025-06-27,2025-07-07,7,89,432.25,West,10,June
885,Laptop,PrimeDistributors,2025-12-07,2025-12-13,4,60,711.01,Central,6,December
886,Monitor,SmartSupply,2025-05-31,2025-06-13,91,536,248.64,Central,13,May
887,Headphones,TechSource,2025-09-12,2025-09-16,80,720,69.96,West,4,September
888,Laptop,VisionElectronics,2025-03-31,2025-04-05,92,570,561.44,West,5,March
889,Monitor,GlobalTech,2025-11-08,2025-11-11,98,927,227.58,Central,3,November
890,Webcam,TechSource,2025-02-27,2025-03-13,38,885,647.08,Central,14,February
891,Webcam,PrimeDistributors,2025-09-13,2025-09-16,43,426,273.81,Central,3,September
892,Keyboard,GlobalTech,2025-03-24,2025-03-30,10,445,956.83,West,6,March
893,Mobile,PrimeDistributors,2025-10-08,2025-10-15,36,150,462.8,Central,7,October
894,Keyboard,TechSource,2025-05-26,2025-06-06,63,682,359.91,West,11,May
895,Mobile,VisionElectronics,2025-12-15,2025-12-24,79,77,266.91,West,9,December
896,Webcam,TechSource,2025-03-10,2025-03-12,1,216,680.56,East,2,March
897,Keyboard,GlobalTech,2025-12-13,2025-12-21,46,219,690.34,North,8,December
898,Printer,VisionElectronics,2025-10-21,2025-10-28,4,482,318.2,South,7,October
899,Headphones,SmartSupply,2025-02-18,2025-02-26,95,288,399.84,East,8,February
900,Headphones,TechSource,2025-04-08,2025-04-15,49,429,391.73,Central,7,April
901,Mouse,GlobalTech,2025-01-27,2025-01-31,67,263,704.67,North,4,January
902,Laptop,VisionElectronics,2025-08-30,2025-09-06,76,360,78.9,West,7,August
903,Printer,VisionElectronics,2025-07-05,2025-07-12,53,133,101.88,Central,7,July
905,Mouse,TechSource,2025-12-22,2025-12-26,19,414,241.34,West,4,December
906,Mobile,GlobalTech,2025-04-27,2025-05-01,66,374,56.78,North,4,April
907,Webcam,VisionElectronics,2025-08-19,2025-08-24,10,571,724.19,East,5,August
908,Laptop,TechSource,2025-07-12,2025-07-24,78,134,777.58,North,12,July
909,Webcam,PrimeDistributors,2025-05-25,2025-05-30,57,623,494.33,East,5,May
910,Mouse,TechSource,2025-03-04,2025-03-07,50,722,156.34,Central,3,March
911,Mouse,TechSource,2025-02-12,2025-02-13,10,144,893.05,South,1,February
912,Headphones,TechSource,2025-08-07,2025-08-12,87,421,480.18,West,5,August
913,Monitor,PrimeDistributors,2025-01-05,2025-01-13,18,992,318.42,East,8,January
914,Keyboard,SmartSupply,2025-12-19,2025-12-20,42,326,422.65,North,1,December
915,Printer,GlobalTech,2025-05-07,2025-05-20,55,485,159.59,Central,13,May
916,Tablet,TechSource,2025-07-03,2025-07-10,70,420,295.78,North,7,July
917,Mobile,GlobalTech,2025-12-03,2025-12-16,19,260,695.72,South,13,December
918,Speaker,VisionElectronics,2025-11-11,2025-11-15,17,332,294.75,East,4,November
919,Tablet,TechSource,2025-01-17,2025-01-22,82,422,958.05,West,5,January
920,Mouse,SmartSupply,2025-07-16,2025-07-30,88,334,265.9,Central,14,July
921,Speaker,SmartSupply,2025-05-26,2025-06-05,83,829,176.66,East,10,May
922,Laptop,VisionElectronics,2025-10-06,2025-10-07,79,337,460.22,West,1,October
923,Keyboard,TechSource,2025-08-02,2025-08-13,76,709,276.38,Central,11,August
924,Tablet,SmartSupply,2025-05-09,2025-05-19,86,195,852.56,West,10,May
925,Tablet,GlobalTech,2025-01-18,2025-01-29,49,131,874.58,West,11,January
926,Speaker,SmartSupply,2025-02-07,2025-02-18,73,543,168.2,East,11,February
927,Mouse,VisionElectronics,2025-03-23,2025-03-28,39,517,356.84,West,5,March
928,Printer,PrimeDistributors,2025-07-13,2025-07-24,31,328,163.55,West,11,July
929,Laptop,GlobalTech,2025-03-29,2025-04-07,7,746,95.52,Central,9,March
930,Webcam,GlobalTech,2025-04-18,2025-04-20,12,920,440.56,West,2,April
931,Mouse,SmartSupply,2025-05-02,2025-05-03,71,367,52.57,West,1,May
932,Printer,GlobalTech,2025-04-29,2025-05-01,45,363,314.35,West,2,April
933,Printer,SmartSupply,2025-09-28,2025-10-12,50,406,487.31,East,14,September
934,Webcam,PrimeDistributors,2025-08-02,2025-08-08,51,628,115.48,North,6,August
935,Headphones,TechSource,2025-01-07,2025-01-20,66,53,135.09,West,13,January
936,Monitor,SmartSupply,2025-05-14,2025-05-17,96,954,256.58,Central,3,May
937,Mouse,TechSource,2025-01-24,2025-01-30,24,532,810.13,Central,6,January
938,Keyboard,PrimeDistributors,2025-06-17,2025-06-23,95,105,530.63,West,6,June
939,Printer,SmartSupply,2025-10-29,2025-11-12,17,469,347.19,North,14,October
940,Mouse,SmartSupply,2025-09-15,2025-09-24,66,869,217.22,South,9,September
941,Tablet,VisionElectronics,2025-01-22,2025-02-02,67,276,825.29,Central,11,January
942,Tablet,PrimeDistributors,2025-03-25,2025-04-01,13,858,149.19,West,7,March
943,Webcam,PrimeDistributors,2025-01-13,2025-01-21,97,106,764.21,East,8,January
944,Monitor,PrimeDistributors,2025-09-16,2025-09-24,90,572,736.11,South,8,September
945,Mobile,PrimeDistributors,2025-12-28,2026-01-01,67,761,75.73,Central,4,December
946,Speaker,GlobalTech,2025-03-07,2025-03-13,63,465,669.85,South,6,March
947,Laptop,SmartSupply,2025-07-18,2025-07-25,45,444,205.38,South,7,July
948,Speaker,PrimeDistributors,2025-08-02,2025-08-06,79,813,86.82,North,4,August
949,Printer,PrimeDistributors,2025-02-21,2025-02-22,5,835,657.01,Central,1,February
950,Webcam,TechSource,2025-08-31,2025-09-10,48,349,805.26,East,10,August
951,Mobile,SmartSupply,2025-04-08,2025-04-20,94,958,493.9,Central,12,April
952,Tablet,SmartSupply,2025-04-02,2025-04-07,45,709,644.75,South,5,April
953,Webcam,PrimeDistributors,2025-05-08,2025-05-15,47,614,176.86,West,7,May
954,Webcam,PrimeDistributors,2025-08-14,2025-08-19,48,400,593.56,Central,5,August
955,Mouse,SmartSupply,2025-06-28,2025-07-05,3,113,622.75,North,7,June
956,Laptop,GlobalTech,2025-12-24,2026-01-03,21,600,975.72,East,10,December
957,Mobile,VisionElectronics,2025-06-13,2025-06-24,65,496,171.93,North,11,June
958,Printer,GlobalTech,2025-10-08,2025-10-19,84,752,394.18,West,11,October
959,Mobile,GlobalTech,2025-03-10,2025-03-19,34,237,795.06,South,9,March
960,Printer,TechSource,2025-03-17,2025-03-21,85,98,371.32,East,4,March
961,Monitor,GlobalTech,2025-08-06,2025-08-19,90,279,341.58,Central,13,August
962,Laptop,PrimeDistributors,2025-09-11,2025-09-22,16,470,182.71,East,11,September
963,Printer,SmartSupply,2025-05-29,2025-05-31,27,727,525.99,North,2,May
964,Monitor,SmartSupply,2025-09-21,2025-09-22,71,881,367.21,Central,1,September
965,Headphones,TechSource,2025-09-05,2025-09-09,58,351,466.14,Central,4,September
967,Monitor,PrimeDistributors,2025-12-31,2026-01-06,86,888,608.41,West,6,December
968,Monitor,SmartSupply,2025-06-15,2025-06-29,97,554,382.13,Central,14,June
969,Keyboard,PrimeDistributors,2025-03-31,2025-04-13,49,988,846.48,Central,13,March
970,Webcam,GlobalTech,2025-02-11,2025-02-18,36,922,169.8,North,7,February
971,Laptop,TechSource,2025-03-14,2025-03-19,87,891,537.19,Central,5,March
972,Webcam,GlobalTech,2025-03-08,2025-03-14,70,614,792.39,South,6,March
973,Printer,VisionElectronics,2025-03-28,2025-03-30,37,453,858.31,North,2,March
974,Laptop,SmartSupply,2025-07-28,2025-08-08,94,154,208.18,West,11,July
975,Laptop,VisionElectronics,2025-10-28,2025-11-07,24,560,925.09,West,10,October
976,Laptop,TechSource,2025-01-16,2025-01-27,54,256,198.92,South,11,January
977,Webcam,PrimeDistributors,2025-09-24,2025-09-25,68,348,931.61,South,1,September
978,Mobile,SmartSupply,2025-03-16,2025-03-18,41,227,586.36,East,2,March
979,Laptop,GlobalTech,2025-07-23,2025-07-30,26,210,148.3,North,7,July
980,Mobile,TechSource,2025-05-12,2025-05-16,36,849,692.98,West,4,May
981,Printer,GlobalTech,2025-02-25,2025-02-28,36,488,149.43,East,3,February
982,Keyboard,VisionElectronics,2025-03-06,2025-03-11,22,777,661.26,Central,5,March
983,Mouse,GlobalTech,2025-06-30,2025-07-04,68,341,275.01,South,4,June
984,Printer,VisionElectronics,2025-06-18,2025-06-20,66,70,257.39,Central,2,June
985,Monitor,SmartSupply,2025-11-06,2025-11-16,17,385,534.99,North,10,November
986,Mobile,TechSource,2025-02-18,2025-02-23,48,287,493.67,East,5,February
987,Keyboard,SmartSupply,2025-12-25,2026-01-04,84,563,151.68,East,10,December
988,Mouse,VisionElectronics,2025-08-17,2025-08-19,12,590,458.64,East,2,August
989,Webcam,PrimeDistributors,2025-12-03,2025-12-13,32,123,943.47,Central,10,December
990,Laptop,TechSource,2025-12-28,2026-01-06,33,149,881.9,Central,9,December
991,Speaker,PrimeDistributors,2025-04-24,2025-05-08,15,439,733.42,Central,14,April
992,Mobile,SmartSupply,2025-09-17,2025-09-19,57,994,831.85,East,2,September
993,Webcam,GlobalTech,2025-04-24,2025-05-08,64,151,66.07,South,14,April
994,Webcam,VisionElectronics,2025-09-12,2025-09-16,89,362,250.86,North,4,September
995,Monitor,PrimeDistributors,2025-04-02,2025-04-06,8,861,781.52,Central,4,April
996,Webcam,GlobalTech,2025-02-14,2025-02-23,32,338,334.45,West,9,February
997,Webcam,GlobalTech,2025-01-29,2025-02-01,57,302,133.98,South,3,January
998,Mouse,VisionElectronics,2025-03-03,2025-03-06,25,740,208.21,East,3,March
999,Speaker,VisionElectronics,2025-11-07,2025-11-14,2,494,186.44,West,7,November
1000,Mobile,GlobalTech,2025-02-16,2025-02-18,77,671,508.98,West,2,February
