Order_ID,Product,Supplier,Order_Date,Delivery_Date,Quantity,Inventory,Shipping_Cost,Region
1,Headphones,SmartSupply,13-04-2025,17-04-2025,61,70,198.22,East
2,Mouse,GlobalTech,29-03-2025,03-04-2025,24,180,69.56,West
3,Monitor,PrimeDistributors,21-10-2025,23-10-2025,33,509,631.07,West
4,Webcam,SmartSupply,11-12-2025,12-12-2025,92,749,398.04,West
5,Speaker,PrimeDistributors,24-02-2025,28-02-2025,3,534,,North
6,Mouse,GlobalTech,16-06-2025,18-06-2025,89,365,585.12,North
7,Mobile,VisionElectronics,12-12-2025,17-12-2025,84,141,468.14,Central
8,Laptop,GlobalTech,21-09-2025,24-09-2025,36,611,679.4,South
9,Mobile,VisionElectronics,17-09-2025,23-09-2025,90,605,942.52,West
10,Monitor,PrimeDistributors,09-07-2025,17-07-2025,80,798,307.78,South
11,Speaker,TechSource,05-08-2025,17-08-2025,29,64,207,North
12,Headphones,TechSource,10-12-2025,11-12-2025,88,112,824.69,East
13,Monitor,VisionElectronics,16-10-2025,27-10-2025,41,77,869.95,South
14,Tablet,VisionElectronics,02-02-2025,09-02-2025,62,777,682.63,East
15,Keyboard,PrimeDistributors,04-02-2025,05-02-2025,47,511,856.47,South
16,Tablet,GlobalTech,12-09-2025,26-09-2025,27,442,725.13,South
17,Laptop,PrimeDistributors,28-06-2025,05-07-2025,52,145,710.74,Central
18,Mouse,SmartSupply,23-05-2025,03-06-2025,13,209,618.92,West
19,Speaker,VisionElectronics,07-03-2025,17-03-2025,6,845,813.49,West
20,Webcam,TechSource,13-10-2025,27-10-2025,92,522,352.1,North
21,Speaker,SmartSupply,10-10-2025,24-10-2025,77,794,339.54,North
22,Laptop,SmartSupply,14-11-2025,19-11-2025,51,283,370.73,North
23,Laptop,GlobalTech,29-06-2025,30-06-2025,58,613,284.53,East
24,Laptop,GlobalTech,23-04-2025,28-04-2025,56,130,303.44,South
25,Tablet,GlobalTech,08-08-2025,14-08-2025,96,274,652.63,Central
26,Printer,SmartSupply,21-06-2025,01-07-2025,32,296,688.53,East
27,Headphones,SmartSupply,12-09-2025,18-09-2025,69,933,984.25,North
28,Printer,VisionElectronics,20-07-2025,01-08-2025,80,398,865.44,East
29,Keyboard,TechSource,12-12-2025,15-12-2025,20,913,141.37,North
30,Mobile,TechSource,08-05-2025,15-05-2025,1,828,374.01,South
31,Webcam,GlobalTech,31-05-2025,14-06-2025,99,312,676.98,North
32,Mobile,PrimeDistributors,01-03-2025,02-03-2025,1,353,967.15,Central
33,Tablet,SmartSupply,09-06-2025,20-06-2025,9,282,381.75,West
34,Headphones,TechSource,01-06-2025,07-06-2025,33,969,858.38,West
35,Keyboard,GlobalTech,14-04-2025,18-04-2025,89,148,974.98,South
36,Keyboard,VisionElectronics,13-07-2025,19-07-2025,80,730,217.13,North
37,Headphones,TechSource,04-10-2025,08-10-2025,8,184,734.89,West
38,Printer,SmartSupply,22-01-2025,05-02-2025,51,487,910.79,South
39,Laptop,PrimeDistributors,04-10-2025,18-10-2025,28,928,517.89,West
40,Mouse,TechSource,13-11-2025,16-11-2025,35,241,663.2,West
41,Monitor,PrimeDistributors,08-08-2025,22-08-2025,6,148,760.33,Central
42,Keyboard,PrimeDistributors,29-10-2025,03-11-2025,60,165,329.73,North
43,Mobile,SmartSupply,13-09-2025,16-09-2025,25,784,852,South
44,Tablet,GlobalTech,15-10-2025,21-10-2025,66,688,542.41,South
45,Laptop,PrimeDistributors,30-09-2025,08-10-2025,9,860,723.47,South
46,Keyboard,VisionElectronics,04-09-2025,14-09-2025,50,970,630.94,South
47,Mouse,VisionElectronics,09-11-2025,13-11-2025,65,825,716.87,East
48,Mobile,SmartSupply,23-05-2025,04-06-2025,66,849,599.37,North
49,Printer,VisionElectronics,05-07-2025,19-07-2025,58,619,78.98,South
50,Monitor,VisionElectronics,22-11-2025,28-11-2025,97,313,781.49,West
51,Mouse,SmartSupply,05-01-2025,12-01-2025,6,926,234.66,West
52,Mobile,SmartSupply,24-05-2025,06-06-2025,30,708,805.43,West
53,Webcam,TechSource,27-02-2025,06-03-2025,90,166,126.83,West
54,Webcam,TechSource,09-05-2025,19-05-2025,1,800,287.73,Central
55,Tablet,PrimeDistributors,29-09-2025,12-10-2025,64,496,463.89,East
56,Keyboard,VisionElectronics,17-03-2025,27-03-2025,86,746,374.79,Central
57,Mouse,GlobalTech,16-02-2025,17-02-2025,69,253,66.3,Central
58,Laptop,GlobalTech,08-02-2025,12-02-2025,94,406,428.58,Central
59,Mouse,GlobalTech,10-04-2025,12-04-2025,95,955,644.57,North
60,Mouse,GlobalTech,21-11-2025,04-12-2025,16,841,946.7,North
61,Mouse,VisionElectronics,09-06-2025,20-06-2025,24,957,418.76,North
62,Monitor,GlobalTech,28-06-2025,09-07-2025,12,884,829.41,East
63,Mobile,PrimeDistributors,13-02-2025,26-02-2025,35,776,117.63,South
64,Mobile,GlobalTech,31-03-2025,14-04-2025,7,245,708.25,Central
65,Headphones,TechSource,16-03-2025,29-03-2025,36,778,813.31,West
66,Headphones,VisionElectronics,23-12-2025,01-01-2026,64,788,990.98,South
67,Tablet,TechSource,06-04-2025,14-04-2025,62,785,865.49,Central
68,Keyboard,VisionElectronics,06-10-2025,15-10-2025,30,322,557.61,North
69,Keyboard,TechSource,08-12-2025,21-12-2025,49,661,60.3,East
70,Tablet,VisionElectronics,17-03-2025,26-03-2025,28,767,692.93,East
71,Monitor,SmartSupply,24-05-2025,29-05-2025,99,445,362.23,Central
72,Speaker,GlobalTech,22-02-2025,01-03-2025,39,158,934.38,South
73,Tablet,VisionElectronics,13-05-2025,16-05-2025,93,284,720.54,North
74,Laptop,GlobalTech,15-03-2025,25-03-2025,7,223,715.92,North
75,Mobile,SmartSupply,10-10-2025,20-10-2025,5,78,130.6,Central
76,Mouse,PrimeDistributors,17-11-2025,23-11-2025,17,560,912.31,West
77,Keyboard,SmartSupply,19-10-2025,25-10-2025,61,925,580.48,South
78,Tablet,VisionElectronics,12-12-2025,15-12-2025,67,222,60.79,South
79,Headphones,TechSource,28-05-2025,09-06-2025,61,944,666.75,East
80,Speaker,TechSource,14-12-2025,28-12-2025,63,557,321.43,Central
81,Monitor,VisionElectronics,14-05-2025,24-05-2025,80,935,928.41,Central
82,Keyboard,TechSource,13-06-2025,16-06-2025,20,490,546.94,North
83,Monitor,TechSource,14-01-2025,15-01-2025,54,935,414.99,East
84,Headphones,GlobalTech,12-01-2025,22-01-2025,76,457,639.13,West
85,Headphones,VisionElectronics,13-06-2025,23-06-2025,58,365,604.47,Central
86,Printer,PrimeDistributors,10-02-2025,14-02-2025,63,194,315.78,West
87,Keyboard,PrimeDistributors,08-08-2025,21-08-2025,6,643,445.81,North
88,Mobile,,10-01-2025,18-01-2025,5,168,440.69,South
89,Monitor,SmartSupply,12-08-2025,13-08-2025,26,112,423.34,East
90,Laptop,TechSource,26-06-2025,09-07-2025,98,154,444.08,Central
91,Laptop,SmartSupply,07-11-2025,13-11-2025,69,912,762.42,Central
92,Monitor,TechSource,23-01-2025,28-01-2025,37,763,857.17,Central
93,Laptop,TechSource,19-03-2025,28-03-2025,51,734,625.87,North
94,Headphones,SmartSupply,15-10-2025,17-10-2025,39,203,523.26,East
95,Laptop,SmartSupply,02-11-2025,14-11-2025,54,285,582.89,North
96,Monitor,SmartSupply,22-04-2025,29-04-2025,85,959,718.88,West
97,Mobile,SmartSupply,14-08-2025,20-08-2025,98,899,,East
98,Printer,GlobalTech,04-11-2025,13-11-2025,97,384,426.72,East
99,Mouse,TechSource,22-03-2025,27-03-2025,10,233,849.99,West
100,Monitor,PrimeDistributors,06-12-2025,14-12-2025,34,823,517.99,East
101,Keyboard,SmartSupply,12-02-2025,23-02-2025,23,232,605.53,West
102,Headphones,,26-12-2025,30-12-2025,25,244,880.6,Central
103,Webcam,GlobalTech,09-06-2025,11-06-2025,51,452,830.7,West
104,Printer,TechSource,19-06-2025,02-07-2025,21,887,164.6,West
105,Mobile,SmartSupply,12-12-2025,26-12-2025,49,127,363.59,North
106,Speaker,SmartSupply,09-10-2025,18-10-2025,86,288,536.07,Central
107,Mouse,PrimeDistributors,03-12-2025,13-12-2025,1,57,760.85,West
108,Printer,GlobalTech,26-07-2025,03-08-2025,14,523,771.96,Central
109,Headphones,SmartSupply,03-06-2025,17-06-2025,7,52,900.45,West
110,Printer,,01-10-2025,11-10-2025,99,932,280.35,Central
111,Tablet,GlobalTech,28-01-2025,07-02-2025,57,322,250.88,West
112,Mouse,TechSource,25-01-2025,26-01-2025,25,629,387.35,Central
113,Printer,TechSource,26-05-2025,30-05-2025,34,672,758.17,West
114,Speaker,GlobalTech,24-03-2025,03-04-2025,6,741,663.62,East
115,Printer,VisionElectronics,11-11-2025,24-11-2025,33,486,146.69,East
116,Headphones,SmartSupply,14-11-2025,28-11-2025,55,186,126.22,Central
117,Printer,VisionElectronics,05-02-2025,13-02-2025,66,517,971,North
118,Printer,SmartSupply,04-04-2025,12-04-2025,51,623,932.91,South
119,Monitor,SmartSupply,22-06-2025,04-07-2025,70,459,357.5,West
120,Laptop,PrimeDistributors,13-08-2025,17-08-2025,12,608,721.87,East
121,Keyboard,GlobalTech,22-12-2025,04-01-2026,33,951,369.77,Central
122,Mobile,TechSource,18-05-2025,30-05-2025,13,217,819.38,Central
123,Speaker,SmartSupply,25-11-2025,26-11-2025,75,960,498,North
124,Mobile,,10-03-2025,24-03-2025,78,934,744.32,South
125,Keyboard,VisionElectronics,17-03-2025,20-03-2025,1,345,735.52,Central
126,Speaker,PrimeDistributors,24-11-2025,05-12-2025,14,877,205.47,Central
127,Webcam,GlobalTech,05-01-2025,08-01-2025,62,181,350.39,North
128,Tablet,TechSource,23-10-2025,31-10-2025,14,849,489.55,North
129,Laptop,SmartSupply,02-06-2025,03-06-2025,66,870,,East
130,Keyboard,VisionElectronics,17-07-2025,23-07-2025,7,228,368.16,Central
131,Tablet,TechSource,16-10-2025,20-10-2025,27,469,997.81,North
132,Mouse,SmartSupply,16-10-2025,30-10-2025,86,883,774.34,South
133,Printer,PrimeDistributors,19-12-2025,25-12-2025,13,208,409.88,West
134,Headphones,VisionElectronics,03-07-2025,16-07-2025,5,206,267.79,Central
135,Keyboard,SmartSupply,10-05-2025,21-05-2025,36,341,730.37,Central
136,Webcam,GlobalTech,28-05-2025,08-06-2025,38,183,430.81,East
137,Headphones,VisionElectronics,06-08-2025,19-08-2025,62,259,630.88,East
138,Monitor,,22-12-2025,26-12-2025,37,889,668.8,West
139,Speaker,TechSource,14-10-2025,24-10-2025,51,78,149.03,East
140,Monitor,TechSource,14-09-2025,28-09-2025,21,395,846.95,North
141,Tablet,TechSource,15-11-2025,21-11-2025,40,960,429.05,Central
142,Mouse,SmartSupply,17-05-2025,27-05-2025,57,166,623.54,West
143,Printer,GlobalTech,25-01-2025,04-02-2025,2,952,379.61,East
144,Keyboard,VisionElectronics,17-01-2025,28-01-2025,54,713,598.75,Central
145,Laptop,GlobalTech,10-12-2025,11-12-2025,29,112,313.71,West
146,Laptop,VisionElectronics,18-02-2025,25-02-2025,84,410,191.23,Central
147,Tablet,SmartSupply,26-12-2025,27-12-2025,1,785,113.72,East
148,Laptop,SmartSupply,30-07-2025,13-08-2025,45,526,498.46,South
149,Keyboard,TechSource,14-09-2025,28-09-2025,47,243,557.73,South
150,Keyboard,PrimeDistributors,10-08-2025,16-08-2025,63,693,222.83,East
151,Webcam,TechSource,15-10-2025,25-10-2025,83,927,550.25,West
152,Tablet,SmartSupply,15-10-2025,17-10-2025,93,57,75.74,East
153,Headphones,SmartSupply,12-09-2025,25-09-2025,54,810,809.92,East
154,Headphones,SmartSupply,07-04-2025,19-04-2025,34,852,281.01,West
155,Monitor,GlobalTech,14-06-2025,20-06-2025,14,784,357.79,South
156,Tablet,SmartSupply,20-09-2025,21-09-2025,85,196,166.64,West
157,Mobile,VisionElectronics,12-10-2025,24-10-2025,2,946,826.57,East
158,Keyboard,PrimeDistributors,22-08-2025,24-08-2025,87,168,304.66,Central
159,Speaker,VisionElectronics,13-09-2025,27-09-2025,98,102,329.74,South
160,Headphones,SmartSupply,08-12-2025,20-12-2025,81,763,587.49,North
161,Speaker,TechSource,25-04-2025,26-04-2025,40,286,432.42,East
162,Webcam,PrimeDistributors,04-01-2025,14-01-2025,29,158,706.66,East
163,Monitor,GlobalTech,22-11-2025,24-11-2025,42,405,523.19,North
164,Printer,PrimeDistributors,14-06-2025,23-06-2025,76,648,151.25,East
165,Headphones,PrimeDistributors,09-11-2025,15-11-2025,98,317,651.44,South
166,Webcam,GlobalTech,22-06-2025,23-06-2025,85,525,782.37,West
167,Laptop,GlobalTech,06-11-2025,17-11-2025,51,742,622.99,Central
168,Headphones,SmartSupply,29-05-2025,09-06-2025,11,561,919.74,East
169,Tablet,TechSource,06-11-2025,08-11-2025,24,807,178.25,South
170,Keyboard,SmartSupply,05-02-2025,09-02-2025,99,293,98.85,Central
171,Mobile,TechSource,20-07-2025,30-07-2025,73,762,383.96,North
172,Headphones,SmartSupply,02-03-2025,13-03-2025,42,74,284.08,South
173,Keyboard,SmartSupply,17-08-2025,29-08-2025,94,151,610.72,Central
174,Laptop,TechSource,13-02-2025,24-02-2025,61,66,952.73,West
175,Keyboard,PrimeDistributors,14-11-2025,22-11-2025,8,710,771.08,North
176,Webcam,TechSource,30-03-2025,11-04-2025,26,96,91.96,South
177,Tablet,TechSource,27-03-2025,06-04-2025,14,384,712.55,East
178,Mobile,VisionElectronics,25-06-2025,03-07-2025,59,776,805.57,East
179,Headphones,GlobalTech,13-04-2025,14-04-2025,99,669,164.54,East
180,Headphones,TechSource,20-10-2025,31-10-2025,90,232,434.26,West
181,Speaker,PrimeDistributors,15-12-2025,21-12-2025,13,771,544.16,South
182,Mobile,SmartSupply,18-04-2025,02-05-2025,55,788,876.59,Central
183,Keyboard,TechSource,21-05-2025,23-05-2025,39,863,383.18,Central
184,Speaker,TechSource,14-11-2025,19-11-2025,16,489,308.1,South
185,Monitor,GlobalTech,25-12-2025,29-12-2025,65,738,154.95,West
186,Monitor,TechSource,26-05-2025,09-06-2025,25,481,66.98,North
187,Webcam,VisionElectronics,10-12-2025,14-12-2025,37,110,296.03,East
188,Mobile,SmartSupply,03-03-2025,16-03-2025,25,760,991.61,West
189,Monitor,GlobalTech,15-12-2025,21-12-2025,74,156,217.7,North
190,Keyboard,TechSource,29-08-2025,08-09-2025,6,566,104.95,North
191,Webcam,GlobalTech,09-04-2025,13-04-2025,61,940,426.43,South
192,Headphones,PrimeDistributors,03-03-2025,04-03-2025,3,209,490.21,Central
193,Mouse,TechSource,30-03-2025,08-04-2025,14,406,136.91,East
194,Speaker,GlobalTech,03-05-2025,15-05-2025,67,970,859.58,North
195,Monitor,SmartSupply,09-02-2025,18-02-2025,11,275,438.03,Central
196,Mobile,PrimeDistributors,25-06-2025,05-07-2025,70,86,259.17,West
197,Headphones,SmartSupply,22-03-2025,24-03-2025,45,273,540.28,South
198,Headphones,PrimeDistributors,19-11-2025,27-11-2025,98,89,587.45,North
199,Keyboard,SmartSupply,19-09-2025,27-09-2025,80,217,283.02,East
200,Speaker,SmartSupply,31-10-2025,09-11-2025,53,219,150.54,West
201,Webcam,SmartSupply,07-01-2025,12-01-2025,31,584,54.89,Central
202,Mobile,VisionElectronics,07-06-2025,14-06-2025,2,767,768.8,South
203,Laptop,VisionElectronics,12-08-2025,25-08-2025,17,409,296.81,Central
204,Keyboard,GlobalTech,12-06-2025,18-06-2025,30,504,564.2,West
205,Monitor,VisionElectronics,01-03-2025,15-03-2025,93,327,940.37,South
206,Laptop,TechSource,20-11-2025,01-12-2025,12,967,723.14,South
207,Mobile,PrimeDistributors,30-04-2025,11-05-2025,50,319,974.81,West
208,Keyboard,PrimeDistributors,13-06-2025,24-06-2025,52,430,414.43,East
209,Keyboard,GlobalTech,02-02-2025,08-02-2025,75,619,50.98,South
210,Laptop,PrimeDistributors,12-10-2025,16-10-2025,99,446,861.5,Central
211,Mobile,SmartSupply,16-03-2025,20-03-2025,47,133,671.79,East
212,Headphones,PrimeDistributors,03-12-2025,17-12-2025,92,70,914.05,East
213,Keyboard,TechSource,25-03-2025,31-03-2025,57,502,984.78,South
214,Keyboard,GlobalTech,15-01-2025,17-01-2025,64,842,729.18,West
215,Headphones,PrimeDistributors,27-07-2025,07-08-2025,60,479,243.52,Central
216,Mobile,VisionElectronics,08-01-2025,19-01-2025,71,436,806.96,Central
217,Webcam,TechSource,24-01-2025,05-02-2025,3,965,806.71,North
218,Mouse,VisionElectronics,24-08-2025,28-08-2025,9,727,264.26,Central
219,Headphones,TechSource,27-04-2025,29-04-2025,72,444,985.13,Central
220,Mobile,PrimeDistributors,01-10-2025,15-10-2025,95,215,327.08,North
221,Printer,SmartSupply,16-10-2025,28-10-2025,41,441,738.07,North
222,Printer,GlobalTech,17-03-2025,26-03-2025,86,141,717.34,South
223,Laptop,TechSource,19-12-2025,21-12-2025,33,794,383.1,Central
224,Printer,,26-04-2025,06-05-2025,66,215,589.16,South
225,Webcam,PrimeDistributors,23-05-2025,25-05-2025,44,354,953.97,East
226,Speaker,TechSource,03-05-2025,09-05-2025,6,122,99.37,South
227,Headphones,SmartSupply,23-07-2025,31-07-2025,50,909,,East
228,Printer,SmartSupply,25-03-2025,29-03-2025,58,71,479.7,North
229,Mobile,TechSource,07-07-2025,17-07-2025,12,136,667.78,Central
230,Keyboard,PrimeDistributors,31-08-2025,10-09-2025,55,799,370.05,Central
231,Mobile,PrimeDistributors,02-07-2025,05-07-2025,70,963,670.6,North
232,Webcam,TechSource,28-02-2025,03-03-2025,35,494,118.59,West
233,Monitor,VisionElectronics,01-11-2025,15-11-2025,31,73,454.22,West
234,Mouse,SmartSupply,30-12-2025,13-01-2026,60,201,566.14,North
235,Mobile,GlobalTech,07-09-2025,12-09-2025,66,384,905.67,East
236,Keyboard,TechSource,05-07-2025,11-07-2025,18,601,844.2,East
237,Mouse,GlobalTech,09-10-2025,17-10-2025,94,648,650.91,Central
238,Speaker,TechSource,21-11-2025,27-11-2025,62,551,877.21,West
239,Printer,VisionElectronics,10-05-2025,17-05-2025,17,940,346.54,South
240,Monitor,VisionElectronics,12-06-2025,17-06-2025,65,473,618.78,Central
241,Webcam,,30-10-2025,10-11-2025,67,679,211.27,Central
242,Speaker,SmartSupply,23-09-2025,05-10-2025,1,182,286.28,West
243,Printer,PrimeDistributors,01-01-2025,10-01-2025,84,333,84.84,Central
244,Laptop,VisionElectronics,23-07-2025,28-07-2025,44,873,606.09,East
245,Speaker,,30-11-2025,02-12-2025,37,69,99.11,East
246,Monitor,SmartSupply,17-07-2025,22-07-2025,59,886,148.14,West
247,Mobile,GlobalTech,03-10-2025,08-10-2025,88,300,54.69,North
248,Speaker,SmartSupply,02-11-2025,15-11-2025,39,272,291.51,South
249,Tablet,GlobalTech,21-10-2025,25-10-2025,45,357,719.45,West
250,Monitor,PrimeDistributors,08-01-2025,10-01-2025,1,825,198.36,South
251,Tablet,GlobalTech,12-07-2025,19-07-2025,90,476,699.09,South
252,Headphones,SmartSupply,25-05-2025,04-06-2025,47,793,780.09,North
253,Laptop,PrimeDistributors,29-10-2025,02-11-2025,1,196,943.83,Central
254,Mobile,TechSource,27-12-2025,06-01-2026,64,624,978.32,North
255,Speaker,VisionElectronics,25-06-2025,08-07-2025,77,208,751.53,South
256,Mouse,PrimeDistributors,12-04-2025,26-04-2025,19,503,906.31,North
257,Laptop,PrimeDistributors,06-10-2025,09-10-2025,88,871,666.62,North
258,Tablet,PrimeDistributors,17-03-2025,27-03-2025,15,966,411.4,North
259,Keyboard,SmartSupply,01-11-2025,02-11-2025,44,151,,South
260,Monitor,VisionElectronics,22-09-2025,25-09-2025,26,377,543.13,Central
261,Speaker,PrimeDistributors,09-08-2025,19-08-2025,12,182,428.88,West
262,Tablet,SmartSupply,16-08-2025,27-08-2025,70,863,732.22,East
263,Tablet,TechSource,21-01-2025,28-01-2025,80,864,117.72,West
264,Mouse,GlobalTech,22-07-2025,25-07-2025,21,190,384.04,Central
265,Keyboard,GlobalTech,21-02-2025,07-03-2025,8,193,135.15,South
266,Webcam,VisionElectronics,18-03-2025,22-03-2025,89,399,222.09,South
267,Tablet,PrimeDistributors,08-02-2025,21-02-2025,63,361,803.74,South
268,Mouse,PrimeDistributors,05-02-2025,09-02-2025,7,871,572.72,South
269,Tablet,VisionElectronics,16-02-2025,27-02-2025,22,167,539.42,North
270,Webcam,GlobalTech,26-01-2025,04-02-2025,88,427,392.73,North
271,Monitor,VisionElectronics,03-06-2025,14-06-2025,68,99,745.36,West
272,Speaker,TechSource,16-06-2025,26-06-2025,18,964,642.67,South
273,Keyboard,TechSource,10-03-2025,11-03-2025,98,722,,Central
274,Tablet,PrimeDistributors,23-05-2025,26-05-2025,32,572,270.35,Central
275,Mobile,GlobalTech,11-09-2025,20-09-2025,64,852,617.19,East
276,Tablet,VisionElectronics,11-02-2025,17-02-2025,41,802,65.03,East
277,Printer,VisionElectronics,09-03-2025,19-03-2025,42,337,310.45,Central
278,Keyboard,TechSource,19-12-2025,23-12-2025,73,697,398.61,West
279,Mobile,PrimeDistributors,26-09-2025,27-09-2025,60,566,116.44,South
280,Webcam,VisionElectronics,08-03-2025,14-03-2025,3,391,686.01,South
281,Keyboard,VisionElectronics,12-04-2025,13-04-2025,98,520,491.95,South
282,Speaker,TechSource,05-02-2025,10-02-2025,55,257,439,West
283,Headphones,PrimeDistributors,25-05-2025,06-06-2025,84,564,930.82,West
284,Printer,TechSource,25-04-2025,03-05-2025,5,921,780.17,North
285,Mouse,TechSource,13-10-2025,18-10-2025,70,455,134.67,Central
286,Printer,TechSource,29-09-2025,11-10-2025,98,558,84.35,South
287,Speaker,TechSource,25-08-2025,27-08-2025,85,819,940.11,North
288,Mouse,GlobalTech,27-11-2025,30-11-2025,62,456,945.27,East
289,Monitor,GlobalTech,23-05-2025,29-05-2025,12,288,427.32,Central
290,Headphones,VisionElectronics,18-10-2025,01-11-2025,30,511,815.63,North
291,Mobile,GlobalTech,12-06-2025,14-06-2025,35,515,959.46,South
292,Speaker,,25-01-2025,27-01-2025,54,338,926.62,Central
293,Monitor,VisionElectronics,25-01-2025,07-02-2025,98,441,504.32,North
294,Mouse,PrimeDistributors,20-03-2025,24-03-2025,18,877,858.88,East
295,Tablet,SmartSupply,11-09-2025,13-09-2025,83,336,108.28,South
296,Mobile,TechSource,23-09-2025,02-10-2025,11,739,104.89,East
297,Speaker,VisionElectronics,09-04-2025,14-04-2025,28,239,302.12,North
298,Tablet,VisionElectronics,17-09-2025,21-09-2025,40,834,,West
299,Mouse,PrimeDistributors,09-08-2025,13-08-2025,38,280,738.1,West
300,Keyboard,PrimeDistributors,10-07-2025,24-07-2025,7,204,,Central
301,Tablet,PrimeDistributors,27-03-2025,01-04-2025,2,623,507.28,South
302,Tablet,GlobalTech,10-11-2025,18-11-2025,5,114,357.33,South
303,Mobile,SmartSupply,01-08-2025,06-08-2025,45,721,513.46,North
304,Monitor,GlobalTech,07-07-2025,18-07-2025,52,817,143.18,West
305,Mobile,PrimeDistributors,03-02-2025,07-02-2025,99,794,633.38,South
306,Laptop,TechSource,21-01-2025,31-01-2025,64,66,675.76,North
307,Laptop,VisionElectronics,10-05-2025,22-05-2025,10,291,86.51,Central
308,Tablet,TechSource,11-10-2025,22-10-2025,34,825,900.36,North
309,Keyboard,PrimeDistributors,09-12-2025,17-12-2025,69,465,,Central
310,Tablet,SmartSupply,19-07-2025,28-07-2025,43,434,118.48,North
311,Monitor,SmartSupply,13-05-2025,17-05-2025,58,976,331.71,West
312,Keyboard,PrimeDistributors,30-07-2025,06-08-2025,28,612,215.4,Central
313,Headphones,VisionElectronics,16-12-2025,22-12-2025,64,187,69.9,North
314,Headphones,GlobalTech,11-08-2025,19-08-2025,25,378,412.84,East
315,Mouse,GlobalTech,18-02-2025,22-02-2025,78,666,661.71,South
316,Mouse,PrimeDistributors,23-09-2025,28-09-2025,12,908,980.97,Central
317,Mobile,GlobalTech,09-06-2025,21-06-2025,11,571,371.35,North
318,Webcam,VisionElectronics,02-06-2025,10-06-2025,89,675,945.92,Central
319,Laptop,TechSource,21-06-2025,24-06-2025,21,171,825.15,West
320,Monitor,VisionElectronics,21-08-2025,23-08-2025,13,710,979.48,East
321,Printer,PrimeDistributors,13-09-2025,19-09-2025,89,583,562.58,South
322,Monitor,SmartSupply,15-09-2025,28-09-2025,79,485,826.9,West
323,Monitor,SmartSupply,05-10-2025,16-10-2025,61,402,532.94,Central
324,Speaker,TechSource,30-01-2025,06-02-2025,8,411,580.14,West
325,Laptop,GlobalTech,18-09-2025,21-09-2025,4,153,234.26,South
326,Tablet,PrimeDistributors,10-01-2025,15-01-2025,91,972,703.49,North
327,Webcam,TechSource,27-03-2025,06-04-2025,58,615,841.05,South
328,Keyboard,PrimeDistributors,20-01-2025,31-01-2025,95,119,882.82,South
329,Mouse,SmartSupply,12-05-2025,25-05-2025,20,955,891.89,South
330,Monitor,VisionElectronics,20-10-2025,26-10-2025,54,920,53.06,West
331,Mouse,PrimeDistributors,26-02-2025,11-03-2025,17,168,880.55,East
332,Webcam,GlobalTech,04-08-2025,09-08-2025,55,549,582.63,South
333,Keyboard,PrimeDistributors,08-06-2025,20-06-2025,49,368,123.21,West
334,Printer,PrimeDistributors,30-01-2025,09-02-2025,31,917,541.41,West
335,Laptop,VisionElectronics,16-12-2025,23-12-2025,55,530,134.17,North
336,Speaker,VisionElectronics,08-09-2025,20-09-2025,45,210,450.19,West
337,Printer,TechSource,28-08-2025,08-09-2025,47,127,759.86,South
338,Mouse,PrimeDistributors,21-11-2025,30-11-2025,61,187,367.79,East
339,Printer,SmartSupply,23-04-2025,07-05-2025,70,898,933.14,Central
340,Webcam,VisionElectronics,04-02-2025,18-02-2025,69,398,488.65,North
341,Mouse,GlobalTech,15-03-2025,20-03-2025,70,651,126.57,East
342,Speaker,VisionElectronics,09-05-2025,17-05-2025,70,858,200.96,West
343,Mouse,VisionElectronics,07-07-2025,16-07-2025,24,597,62.73,South
344,Tablet,GlobalTech,08-12-2025,20-12-2025,35,269,797.77,South
345,Printer,SmartSupply,05-08-2025,18-08-2025,44,890,513.19,West
346,Speaker,SmartSupply,04-12-2025,14-12-2025,21,245,349.43,South
347,Mouse,PrimeDistributors,09-06-2025,17-06-2025,88,704,888.03,South
348,Headphones,PrimeDistributors,03-06-2025,15-06-2025,14,362,519.76,South
349,Tablet,SmartSupply,10-03-2025,13-03-2025,90,982,587.06,East
350,Speaker,PrimeDistributors,11-12-2025,16-12-2025,61,474,70.93,West
351,Tablet,PrimeDistributors,23-11-2025,29-11-2025,33,642,981.49,South
352,Speaker,GlobalTech,28-01-2025,07-02-2025,39,647,571.4,South
353,Monitor,TechSource,06-03-2025,16-03-2025,5,563,680.98,South
354,Keyboard,VisionElectronics,26-11-2025,28-11-2025,39,135,326.06,East
355,Keyboard,PrimeDistributors,18-05-2025,21-05-2025,63,610,241.3,West
356,Mouse,PrimeDistributors,03-06-2025,07-06-2025,86,704,244.64,West
357,Speaker,TechSource,02-04-2025,16-04-2025,40,107,763.19,South
358,Keyboard,VisionElectronics,05-09-2025,19-09-2025,72,93,561.77,East
359,Mouse,SmartSupply,19-09-2025,26-09-2025,23,650,427.51,East
360,Headphones,VisionElectronics,16-07-2025,19-07-2025,12,635,139.33,West
361,Monitor,GlobalTech,24-10-2025,28-10-2025,85,121,808.02,South
362,Printer,SmartSupply,12-11-2025,16-11-2025,12,435,350.92,Central
363,Mobile,TechSource,16-09-2025,27-09-2025,40,535,183.68,Central
364,Monitor,TechSource,25-06-2025,06-07-2025,4,415,129.29,West
365,Laptop,PrimeDistributors,29-10-2025,05-11-2025,63,158,984.9,Central
366,Printer,SmartSupply,11-06-2025,15-06-2025,95,620,204.12,Central
367,Laptop,GlobalTech,25-01-2025,28-01-2025,68,842,831.81,Central
368,Speaker,VisionElectronics,15-08-2025,28-08-2025,50,695,724.73,North
369,Speaker,SmartSupply,30-12-2025,11-01-2026,85,777,519.5,West
370,Monitor,TechSource,13-10-2025,23-10-2025,28,809,132.82,Central
371,Mobile,GlobalTech,12-06-2025,16-06-2025,41,356,477.83,East
372,Laptop,SmartSupply,06-10-2025,12-10-2025,69,669,497.72,East
373,Mobile,VisionElectronics,16-10-2025,20-10-2025,66,532,702.01,North
374,Laptop,SmartSupply,28-05-2025,09-06-2025,72,808,315.31,West
375,Monitor,VisionElectronics,30-10-2025,05-11-2025,99,362,338.75,West
376,Keyboard,TechSource,08-02-2025,17-02-2025,77,256,297.27,East
377,Mobile,PrimeDistributors,07-08-2025,14-08-2025,46,599,265.39,East
378,Mouse,GlobalTech,27-05-2025,10-06-2025,25,473,752.91,North
379,Keyboard,VisionElectronics,24-03-2025,07-04-2025,3,475,714.35,West
380,Speaker,PrimeDistributors,22-06-2025,29-06-2025,19,992,477.35,Central
381,Laptop,VisionElectronics,13-06-2025,21-06-2025,30,314,61.78,North
382,Monitor,VisionElectronics,22-05-2025,02-06-2025,99,383,756.03,East
383,Headphones,TechSource,09-03-2025,21-03-2025,2,922,363.89,Central
384,Keyboard,PrimeDistributors,03-03-2025,04-03-2025,11,625,799.7,Central
385,Monitor,PrimeDistributors,21-11-2025,25-11-2025,67,733,159.19,North
386,Laptop,PrimeDistributors,20-11-2025,23-11-2025,98,777,958.03,West
387,Speaker,PrimeDistributors,17-03-2025,31-03-2025,19,75,206.58,East
388,Speaker,VisionElectronics,07-02-2025,11-02-2025,29,228,275.56,West
389,Keyboard,GlobalTech,17-09-2025,23-09-2025,86,541,953,East
390,Headphones,TechSource,27-12-2025,28-12-2025,87,983,117.39,South
391,Printer,VisionElectronics,02-03-2025,14-03-2025,90,332,183.02,South
392,Laptop,PrimeDistributors,03-04-2025,16-04-2025,99,473,496.26,West
393,Printer,SmartSupply,08-11-2025,09-11-2025,49,351,97.02,West
394,Tablet,GlobalTech,19-12-2025,29-12-2025,85,806,593.45,East
395,Speaker,TechSource,06-11-2025,20-11-2025,9,393,132.74,North
396,Keyboard,PrimeDistributors,10-12-2025,15-12-2025,59,984,596.04,East
397,Laptop,PrimeDistributors,27-05-2025,07-06-2025,40,669,743.37,Central
398,Laptop,GlobalTech,19-04-2025,01-05-2025,45,651,957.31,Central
399,Tablet,VisionElectronics,08-01-2025,17-01-2025,30,480,,South
400,Mouse,GlobalTech,26-05-2025,28-05-2025,94,722,483.42,Central
401,Headphones,GlobalTech,27-05-2025,08-06-2025,84,162,117.46,East
402,Tablet,GlobalTech,23-05-2025,01-06-2025,2,846,694.74,East
403,Webcam,TechSource,27-11-2025,10-12-2025,14,259,181.93,North
404,Keyboard,GlobalTech,08-02-2025,20-02-2025,84,503,164.53,Central
405,Headphones,VisionElectronics,15-06-2025,18-06-2025,2,130,710.14,East
406,Tablet,TechSource,23-08-2025,24-08-2025,45,406,166.85,North
407,Speaker,SmartSupply,06-10-2025,14-10-2025,38,845,418.02,South
408,Tablet,VisionElectronics,09-04-2025,22-04-2025,73,998,868.66,West
409,Keyboard,SmartSupply,20-12-2025,23-12-2025,28,221,920.8,South
410,Mouse,VisionElectronics,09-11-2025,15-11-2025,33,969,405.83,Central
411,Monitor,VisionElectronics,07-01-2025,11-01-2025,56,882,378.58,East
412,Mobile,SmartSupply,06-06-2025,16-06-2025,92,468,373.57,East
413,Printer,VisionElectronics,01-11-2025,02-11-2025,64,374,554.53,West
414,Laptop,,17-11-2025,21-11-2025,50,886,267.06,East
415,Mouse,SmartSupply,16-03-2025,29-03-2025,26,204,248.42,East
416,Mobile,PrimeDistributors,22-08-2025,25-08-2025,6,876,189.71,South
417,Monitor,VisionElectronics,02-05-2025,15-05-2025,42,173,348.27,South
418,Mouse,VisionElectronics,20-07-2025,21-07-2025,17,158,972.21,Central
419,Laptop,PrimeDistributors,14-06-2025,23-06-2025,13,723,209.92,East
420,Keyboard,SmartSupply,09-12-2025,12-12-2025,42,403,296.37,South
421,Monitor,SmartSupply,07-12-2025,21-12-2025,44,188,579.82,North
422,Keyboard,VisionElectronics,02-04-2025,10-04-2025,13,160,825.92,East
423,Mobile,SmartSupply,30-09-2025,03-10-2025,86,810,802.9,Central
424,Monitor,SmartSupply,07-12-2025,15-12-2025,17,662,565.87,East
425,Printer,PrimeDistributors,27-04-2025,29-04-2025,45,608,876.47,East
426,Headphones,VisionElectronics,05-01-2025,06-01-2025,20,986,883.24,North
427,Mouse,GlobalTech,27-05-2025,06-06-2025,96,631,,West
428,Laptop,SmartSupply,12-04-2025,23-04-2025,62,265,469.16,East
429,Keyboard,SmartSupply,11-07-2025,20-07-2025,81,740,899.73,South
430,Mouse,TechSource,02-04-2025,05-04-2025,7,414,502.66,West
431,Laptop,SmartSupply,03-12-2025,04-12-2025,97,913,278.36,East
432,Tablet,PrimeDistributors,21-11-2025,04-12-2025,80,163,503,East
433,Webcam,VisionElectronics,19-11-2025,25-11-2025,42,369,334.43,South
434,Keyboard,SmartSupply,18-06-2025,26-06-2025,56,335,959.58,East
435,Laptop,TechSource,21-09-2025,01-10-2025,71,591,63.6,West
436,Laptop,PrimeDistributors,25-01-2025,30-01-2025,15,598,,West
437,Laptop,TechSource,08-05-2025,17-05-2025,36,596,632.92,South
438,Printer,VisionElectronics,17-09-2025,01-10-2025,75,404,571.67,Central
439,Keyboard,GlobalTech,22-06-2025,24-06-2025,16,115,123.02,South
440,Mobile,VisionElectronics,24-05-2025,30-05-2025,66,523,432.73,South
441,Headphones,SmartSupply,22-10-2025,25-10-2025,87,681,434.85,Central
442,Tablet,PrimeDistributors,19-08-2025,24-08-2025,65,962,658.45,Central
443,Monitor,TechSource,21-01-2025,24-01-2025,19,362,771.63,South
444,Headphones,GlobalTech,10-01-2025,14-01-2025,54,613,655.24,South
445,Printer,SmartSupply,22-02-2025,02-03-2025,30,752,163.96,South
446,Mobile,SmartSupply,12-01-2025,19-01-2025,82,809,648.08,North
447,Speaker,GlobalTech,23-07-2025,24-07-2025,95,290,535.57,South
448,Printer,TechSource,06-04-2025,12-04-2025,81,392,604.1,Central
449,Speaker,SmartSupply,16-11-2025,29-11-2025,65,668,306.87,South
450,Keyboard,VisionElectronics,10-04-2025,12-04-2025,13,132,914.45,East
451,Webcam,TechSource,05-07-2025,12-07-2025,29,978,933.66,South
452,Monitor,TechSource,24-06-2025,01-07-2025,21,284,683.07,West
453,Mouse,PrimeDistributors,11-01-2025,12-01-2025,47,842,333.15,West
454,Monitor,VisionElectronics,30-07-2025,11-08-2025,42,962,392.05,North
455,Keyboard,PrimeDistributors,21-12-2025,23-12-2025,71,62,445.68,West
456,Speaker,TechSource,31-01-2025,02-02-2025,73,215,498.67,West
457,Mobile,VisionElectronics,19-04-2025,26-04-2025,9,777,934.27,South
458,Printer,TechSource,03-01-2025,15-01-2025,44,198,698.08,West
459,Keyboard,GlobalTech,21-01-2025,02-02-2025,13,362,832.14,Central
460,Webcam,GlobalTech,13-02-2025,18-02-2025,46,574,410.14,North
461,Webcam,TechSource,22-12-2025,05-01-2026,35,970,749.39,West
462,Headphones,GlobalTech,01-07-2025,05-07-2025,29,220,883.76,West
463,Laptop,TechSource,12-12-2025,18-12-2025,84,168,785.29,West
464,Printer,TechSource,05-07-2025,17-07-2025,53,731,781.65,South
465,Monitor,VisionElectronics,14-05-2025,21-05-2025,25,82,752.08,North
466,Monitor,SmartSupply,06-05-2025,18-05-2025,77,696,885.29,North
467,Headphones,PrimeDistributors,09-06-2025,20-06-2025,97,778,326.59,East
468,Keyboard,GlobalTech,12-05-2025,20-05-2025,29,538,940.51,West
469,Tablet,TechSource,24-07-2025,05-08-2025,44,267,603.1,Central
470,Mobile,TechSource,08-11-2025,12-11-2025,75,192,583.23,North
471,Tablet,SmartSupply,28-02-2025,10-03-2025,57,75,854.83,Central
472,Monitor,VisionElectronics,05-12-2025,16-12-2025,72,409,911.1,East
473,Mouse,TechSource,17-11-2025,18-11-2025,88,487,496.49,South
474,Mobile,SmartSupply,09-10-2025,10-10-2025,5,645,649.38,North
475,Webcam,GlobalTech,14-08-2025,27-08-2025,21,607,122.43,South
476,Keyboard,VisionElectronics,29-10-2025,11-11-2025,94,567,473.26,Central
477,Laptop,GlobalTech,23-08-2025,04-09-2025,81,801,995.23,East
478,Printer,VisionElectronics,17-12-2025,29-12-2025,41,321,654.71,East
479,Speaker,GlobalTech,31-03-2025,14-04-2025,76,188,486.02,East
480,Printer,VisionElectronics,07-11-2025,13-11-2025,82,203,63.48,East
481,Mobile,GlobalTech,12-10-2025,23-10-2025,17,668,425.45,South
482,Webcam,TechSource,04-09-2025,12-09-2025,8,527,732.41,East
483,Mouse,VisionElectronics,08-02-2025,09-02-2025,88,803,783.05,North
484,Monitor,SmartSupply,15-03-2025,19-03-2025,92,561,574.39,Central
485,Headphones,SmartSupply,04-08-2025,14-08-2025,66,616,742.42,Central
486,Keyboard,TechSource,04-06-2025,13-06-2025,13,222,162.58,East
487,Laptop,TechSource,03-02-2025,06-02-2025,32,650,772.96,East
488,Keyboard,GlobalTech,27-04-2025,11-05-2025,99,674,472.15,North
489,Mouse,VisionElectronics,01-10-2025,14-10-2025,93,742,390.65,North
490,Webcam,GlobalTech,24-04-2025,25-04-2025,26,926,975.65,East
491,Speaker,GlobalTech,22-07-2025,31-07-2025,5,939,958.5,Central
492,Monitor,SmartSupply,09-08-2025,13-08-2025,11,873,601.08,West
493,Keyboard,GlobalTech,09-10-2025,12-10-2025,60,248,899.39,Central
494,Webcam,PrimeDistributors,12-05-2025,19-05-2025,84,448,567.28,Central
495,Tablet,SmartSupply,10-02-2025,13-02-2025,46,973,654.24,West
496,Monitor,SmartSupply,28-09-2025,01-10-2025,1,756,140.3,Central
497,Headphones,TechSource,13-06-2025,15-06-2025,24,53,194.02,North
498,Mouse,PrimeDistributors,30-06-2025,08-07-2025,23,926,85.69,North
499,Speaker,TechSource,09-11-2025,22-11-2025,60,615,394.07,South
500,Tablet,SmartSupply,17-06-2025,24-06-2025,38,134,338.75,East
501,Printer,PrimeDistributors,08-12-2025,12-12-2025,36,800,445.15,South
502,Monitor,TechSource,02-11-2025,16-11-2025,25,161,825.94,East
503,Mouse,PrimeDistributors,16-02-2025,22-02-2025,39,577,766.54,Central
504,Tablet,SmartSupply,29-08-2025,09-09-2025,31,987,723.85,South
505,Speaker,TechSource,12-09-2025,26-09-2025,81,700,647.01,North
506,Speaker,TechSource,20-11-2025,24-11-2025,21,918,147.39,North
507,Laptop,SmartSupply,20-02-2025,24-02-2025,88,243,712.35,North
508,Speaker,PrimeDistributors,16-06-2025,29-06-2025,81,467,816.72,North
509,Printer,TechSource,21-05-2025,27-05-2025,84,357,199.46,North
510,Tablet,GlobalTech,17-03-2025,30-03-2025,64,114,346.38,West
511,Mobile,GlobalTech,01-02-2025,05-02-2025,83,92,847.05,North
512,Tablet,SmartSupply,27-09-2025,29-09-2025,4,777,719.63,North
513,Monitor,PrimeDistributors,17-06-2025,20-06-2025,65,502,732.53,East
514,Webcam,,27-05-2025,08-06-2025,89,709,693.29,South
515,Speaker,SmartSupply,22-01-2025,25-01-2025,72,568,347.22,South
516,Keyboard,VisionElectronics,29-09-2025,06-10-2025,51,259,285.13,North
517,Monitor,TechSource,23-04-2025,05-05-2025,75,950,385.31,North
518,Monitor,TechSource,05-01-2025,14-01-2025,59,82,321.47,East
519,Mobile,TechSource,02-08-2025,07-08-2025,94,608,412.37,Central
520,Tablet,SmartSupply,25-03-2025,31-03-2025,79,264,239.04,Central
521,Headphones,TechSource,05-09-2025,09-09-2025,82,880,460.42,South
522,Webcam,PrimeDistributors,03-03-2025,16-03-2025,17,371,972.14,West
523,Monitor,TechSource,14-11-2025,23-11-2025,82,523,603.07,East
524,Tablet,SmartSupply,26-06-2025,08-07-2025,3,827,540.95,South
525,Webcam,SmartSupply,04-05-2025,12-05-2025,38,71,186.74,Central
526,Speaker,,18-08-2025,22-08-2025,54,197,619.09,East
527,Monitor,SmartSupply,18-11-2025,02-12-2025,34,967,966.76,South
528,Printer,GlobalTech,14-03-2025,15-03-2025,59,149,287.05,Central
529,Webcam,SmartSupply,06-03-2025,09-03-2025,89,315,,East
530,Headphones,TechSource,17-02-2025,22-02-2025,22,917,716.08,Central
531,Laptop,TechSource,11-10-2025,12-10-2025,45,117,939.45,West
532,Webcam,GlobalTech,24-03-2025,25-03-2025,36,122,847.81,North
533,Printer,PrimeDistributors,26-11-2025,28-11-2025,50,468,895.55,North
534,Speaker,VisionElectronics,28-09-2025,02-10-2025,27,971,996.45,North
535,Speaker,,12-02-2025,21-02-2025,42,995,728.35,Central
536,Laptop,SmartSupply,31-05-2025,04-06-2025,69,348,,Central
537,Laptop,GlobalTech,14-11-2025,24-11-2025,75,577,127.09,South
538,Mouse,SmartSupply,07-02-2025,10-02-2025,59,368,567.04,South
539,Tablet,GlobalTech,24-12-2025,25-12-2025,91,799,326.92,North
540,Printer,VisionElectronics,14-03-2025,27-03-2025,89,344,305.41,North
541,Speaker,GlobalTech,01-07-2025,06-07-2025,82,617,798,Central
542,Printer,SmartSupply,27-02-2025,10-03-2025,40,469,558.27,Central
543,Mobile,SmartSupply,01-12-2025,13-12-2025,98,112,327.76,South
544,Mouse,SmartSupply,04-07-2025,17-07-2025,86,305,437.25,West
545,Tablet,TechSource,26-07-2025,27-07-2025,3,983,672.42,Central
546,Webcam,SmartSupply,13-05-2025,14-05-2025,92,70,759.44,Central
547,Keyboard,VisionElectronics,30-10-2025,03-11-2025,35,118,57.57,West
548,Webcam,GlobalTech,10-10-2025,18-10-2025,23,714,389.04,West
549,Tablet,PrimeDistributors,10-12-2025,19-12-2025,46,593,818.86,West
550,Laptop,TechSource,20-04-2025,30-04-2025,58,856,270.19,Central
551,Printer,PrimeDistributors,13-11-2025,22-11-2025,35,88,234.17,South
552,Tablet,TechSource,28-03-2025,29-03-2025,80,463,467.25,Central
553,Tablet,PrimeDistributors,27-08-2025,01-09-2025,13,721,709.25,North
554,Monitor,GlobalTech,04-09-2025,12-09-2025,66,534,745.78,North
555,Webcam,VisionElectronics,28-07-2025,11-08-2025,78,683,386.56,East
556,Webcam,SmartSupply,11-06-2025,20-06-2025,28,60,283.08,West
557,Speaker,SmartSupply,01-06-2025,09-06-2025,47,338,457.5,East
558,Webcam,SmartSupply,26-11-2025,04-12-2025,65,974,525.11,Central
559,Mobile,TechSource,03-09-2025,04-09-2025,93,993,947.86,Central
560,Tablet,PrimeDistributors,16-11-2025,29-11-2025,88,331,536.67,Central
561,Keyboard,PrimeDistributors,09-10-2025,10-10-2025,7,363,532.41,North
562,Laptop,SmartSupply,29-08-2025,12-09-2025,43,586,689.58,Central
563,Webcam,TechSource,27-04-2025,08-05-2025,16,74,744.75,North
564,Printer,SmartSupply,03-04-2025,12-04-2025,80,474,510.84,North
565,Keyboard,SmartSupply,18-07-2025,01-08-2025,19,986,888.43,East
566,Speaker,GlobalTech,30-06-2025,14-07-2025,18,484,316.84,West
567,Headphones,TechSource,27-08-2025,05-09-2025,36,384,113.24,North
568,Mobile,VisionElectronics,22-06-2025,24-06-2025,77,606,989.76,Central
569,Keyboard,SmartSupply,03-05-2025,13-05-2025,83,52,382.99,West
570,Webcam,SmartSupply,01-03-2025,05-03-2025,95,668,932.82,South
571,Speaker,PrimeDistributors,03-03-2025,04-03-2025,92,720,814.27,North
572,Webcam,GlobalTech,16-05-2025,25-05-2025,58,918,545.02,West
573,Monitor,SmartSupply,28-07-2025,31-07-2025,83,753,727.57,West
574,Printer,SmartSupply,22-09-2025,04-10-2025,29,491,912.82,Central
575,Mouse,GlobalTech,05-03-2025,15-03-2025,86,623,198.65,Central
576,Printer,TechSource,26-09-2025,07-10-2025,16,569,609.08,Central
577,Webcam,TechSource,04-04-2025,18-04-2025,44,444,,South
578,Keyboard,TechSource,02-01-2025,04-01-2025,90,840,676.54,North
579,Printer,PrimeDistributors,27-08-2025,30-08-2025,67,271,263.79,West
580,Mouse,PrimeDistributors,20-04-2025,03-05-2025,7,839,109.98,West
581,Printer,VisionElectronics,06-10-2025,13-10-2025,88,389,784.98,West
582,Headphones,PrimeDistributors,10-06-2025,22-06-2025,1,726,296.6,Central
583,Monitor,TechSource,06-04-2025,09-04-2025,60,169,865.21,East
584,Tablet,SmartSupply,20-08-2025,02-09-2025,77,279,139.61,North
585,Printer,SmartSupply,01-07-2025,14-07-2025,48,76,998.95,Central
586,Webcam,PrimeDistributors,14-10-2025,25-10-2025,67,414,492.53,Central
587,Monitor,PrimeDistributors,18-10-2025,22-10-2025,54,975,347.14,East
588,Headphones,SmartSupply,27-03-2025,02-04-2025,49,405,86.99,South
589,Monitor,TechSource,21-12-2025,24-12-2025,85,174,607.59,West
590,Keyboard,SmartSupply,02-03-2025,15-03-2025,43,499,722.03,North
591,Tablet,VisionElectronics,03-10-2025,06-10-2025,24,700,932.68,Central
592,Monitor,VisionElectronics,10-07-2025,21-07-2025,51,710,982.06,North
593,Printer,SmartSupply,19-06-2025,23-06-2025,25,63,100.68,Central
594,Printer,PrimeDistributors,04-06-2025,11-06-2025,82,937,944.61,West
595,Speaker,GlobalTech,13-05-2025,20-05-2025,59,560,975.54,East
596,Mouse,GlobalTech,17-11-2025,24-11-2025,65,704,243.96,North
597,Mobile,SmartSupply,03-04-2025,17-04-2025,20,483,790.15,East
598,Headphones,VisionElectronics,26-07-2025,07-08-2025,20,271,914.7,South
599,Mobile,VisionElectronics,04-04-2025,17-04-2025,37,994,313.16,South
600,Headphones,PrimeDistributors,16-03-2025,24-03-2025,43,199,717.51,South
601,Mouse,SmartSupply,28-07-2025,01-08-2025,55,193,706.15,Central
602,Monitor,TechSource,27-08-2025,04-09-2025,87,137,890.35,East
603,Monitor,TechSource,28-06-2025,02-07-2025,81,800,622.89,Central
604,Mouse,TechSource,10-08-2025,24-08-2025,53,680,426.16,South
605,Keyboard,VisionElectronics,16-12-2025,29-12-2025,11,147,117.48,South
606,Mouse,VisionElectronics,17-10-2025,28-10-2025,50,407,945.26,Central
607,Monitor,SmartSupply,25-03-2025,28-03-2025,40,633,467.75,Central
608,Webcam,PrimeDistributors,16-12-2025,24-12-2025,39,589,387.55,Central
609,Webcam,GlobalTech,05-02-2025,10-02-2025,86,565,189.58,East
610,Monitor,SmartSupply,29-10-2025,12-11-2025,64,535,791.53,West
611,Tablet,GlobalTech,22-04-2025,04-05-2025,17,114,486.6,North
612,Headphones,TechSource,16-04-2025,21-04-2025,98,826,231.19,South
613,Tablet,VisionElectronics,16-04-2025,23-04-2025,13,898,776.9,South
614,Mobile,VisionElectronics,07-08-2025,12-08-2025,77,769,673.25,West
615,Tablet,VisionElectronics,07-02-2025,10-02-2025,99,97,436.46,East
616,Headphones,PrimeDistributors,11-12-2025,25-12-2025,13,926,953.87,East
617,Webcam,VisionElectronics,18-03-2025,27-03-2025,14,656,432.64,North
618,Printer,PrimeDistributors,29-11-2025,10-12-2025,63,471,861.97,East
619,Printer,PrimeDistributors,11-05-2025,24-05-2025,98,769,321.42,North
620,Keyboard,VisionElectronics,06-01-2025,20-01-2025,10,436,899.29,North
621,Monitor,,11-11-2025,24-11-2025,62,357,689.13,Central
622,Tablet,GlobalTech,07-09-2025,11-09-2025,22,437,50.62,South
623,Laptop,PrimeDistributors,03-10-2025,07-10-2025,54,981,485.41,North
624,Mobile,SmartSupply,27-02-2025,07-03-2025,91,158,947.43,South
625,Tablet,GlobalTech,21-04-2025,02-05-2025,28,522,717.36,South
626,Mobile,PrimeDistributors,13-10-2025,20-10-2025,93,287,836.18,East
627,Tablet,TechSource,04-04-2025,09-04-2025,81,985,265.4,West
628,Monitor,TechSource,21-07-2025,02-08-2025,87,433,83.17,North
629,Printer,GlobalTech,04-11-2025,13-11-2025,1,93,73.72,North
630,Laptop,VisionElectronics,15-10-2025,27-10-2025,78,953,317,North
631,Webcam,SmartSupply,17-04-2025,25-04-2025,62,932,763.23,North
632,Monitor,GlobalTech,09-08-2025,14-08-2025,40,456,930.99,Central
633,Printer,SmartSupply,11-07-2025,14-07-2025,72,282,318.66,East
634,Monitor,VisionElectronics,10-12-2025,11-12-2025,66,112,89.42,East
635,Keyboard,PrimeDistributors,30-09-2025,06-10-2025,56,77,855.7,East
636,Printer,GlobalTech,01-09-2025,05-09-2025,90,226,317.54,Central
637,Laptop,VisionElectronics,04-11-2025,14-11-2025,60,543,804.76,East
638,Headphones,TechSource,26-08-2025,03-09-2025,28,946,134.54,West
639,Mouse,VisionElectronics,27-07-2025,29-07-2025,38,541,206.64,Central
640,Keyboard,TechSource,25-01-2025,27-01-2025,24,559,107.09,South
641,Keyboard,GlobalTech,26-12-2025,05-01-2026,67,201,826.54,East
642,Speaker,GlobalTech,23-04-2025,26-04-2025,53,605,440.64,South
643,Tablet,TechSource,06-12-2025,18-12-2025,4,136,333.91,North
644,Keyboard,PrimeDistributors,07-03-2025,21-03-2025,21,901,839.4,Central
645,Webcam,TechSource,21-10-2025,03-11-2025,52,351,650.63,South
646,Tablet,VisionElectronics,11-03-2025,12-03-2025,68,140,934.98,East
647,Tablet,TechSource,02-08-2025,10-08-2025,64,601,429.54,West
648,Monitor,SmartSupply,19-07-2025,26-07-2025,53,360,393.46,Central
649,Monitor,TechSource,24-12-2025,06-01-2026,73,620,615.11,West
650,Tablet,PrimeDistributors,03-11-2025,17-11-2025,90,766,589.58,Central
651,Speaker,GlobalTech,08-08-2025,18-08-2025,95,747,459.67,West
652,Laptop,TechSource,11-12-2025,23-12-2025,55,327,265.2,North
653,Printer,SmartSupply,06-09-2025,16-09-2025,42,454,757.92,Central
654,Laptop,TechSource,27-07-2025,04-08-2025,17,651,198.23,Central
655,Headphones,SmartSupply,19-09-2025,22-09-2025,61,704,832.44,Central
656,Headphones,GlobalTech,29-08-2025,03-09-2025,35,109,162.71,North
657,Webcam,SmartSupply,05-08-2025,07-08-2025,47,54,346.21,South
658,Laptop,VisionElectronics,26-05-2025,30-05-2025,14,511,115.03,East
659,Keyboard,VisionElectronics,04-03-2025,15-03-2025,81,468,386.93,East
660,Headphones,SmartSupply,02-05-2025,14-05-2025,24,366,466.27,South
661,Mouse,PrimeDistributors,06-03-2025,09-03-2025,13,875,560.89,West
662,Mouse,PrimeDistributors,23-10-2025,03-11-2025,45,907,209.79,South
663,Printer,TechSource,14-10-2025,17-10-2025,8,841,,Central
664,Headphones,GlobalTech,21-09-2025,28-09-2025,57,847,764.78,South
665,Tablet,PrimeDistributors,16-07-2025,21-07-2025,60,659,833.25,Central
666,Headphones,GlobalTech,16-12-2025,22-12-2025,4,142,919.31,South
667,Webcam,VisionElectronics,28-09-2025,06-10-2025,96,506,343.04,East
668,Laptop,TechSource,19-11-2025,29-11-2025,96,437,358.13,North
669,Printer,SmartSupply,02-08-2025,10-08-2025,35,583,175.78,Central
670,Keyboard,TechSource,08-09-2025,18-09-2025,9,365,231.58,South
671,Speaker,PrimeDistributors,23-04-2025,04-05-2025,73,840,112.41,Central
672,Tablet,PrimeDistributors,16-02-2025,20-02-2025,30,330,202.21,North
673,Webcam,TechSource,15-03-2025,29-03-2025,58,655,145.23,North
674,Mouse,SmartSupply,30-11-2025,03-12-2025,48,787,122.97,East
675,Printer,GlobalTech,26-03-2025,31-03-2025,45,952,178.69,West
676,Mobile,SmartSupply,01-05-2025,11-05-2025,54,380,449,South
677,Printer,GlobalTech,06-07-2025,16-07-2025,57,413,348.02,West
678,Mouse,SmartSupply,07-07-2025,20-07-2025,2,523,311.48,West
679,Laptop,VisionElectronics,12-01-2025,25-01-2025,63,302,351.68,Central
680,Webcam,PrimeDistributors,08-01-2025,13-01-2025,80,853,477.56,West
681,Tablet,PrimeDistributors,11-04-2025,25-04-2025,16,831,764.84,West
682,Monitor,VisionElectronics,04-05-2025,17-05-2025,29,244,510.17,East
683,Monitor,VisionElectronics,16-04-2025,21-04-2025,27,360,196.2,North
684,Mobile,PrimeDistributors,22-11-2025,26-11-2025,22,273,695.71,West
685,Keyboard,PrimeDistributors,30-01-2025,12-02-2025,87,83,233.76,West
686,Mouse,SmartSupply,22-01-2025,26-01-2025,36,890,268.49,West
687,Mouse,GlobalTech,27-08-2025,05-09-2025,9,337,833.13,Central
688,Monitor,GlobalTech,09-12-2025,23-12-2025,22,885,307.11,Central
689,Webcam,GlobalTech,25-10-2025,03-11-2025,95,184,161.42,East
690,Keyboard,SmartSupply,07-12-2025,20-12-2025,95,230,779.61,West
691,Mobile,PrimeDistributors,18-05-2025,20-05-2025,60,834,525.68,East
692,Tablet,GlobalTech,29-03-2025,30-03-2025,85,53,623.03,West
693,Laptop,VisionElectronics,05-04-2025,06-04-2025,75,397,235.26,Central
694,Mobile,GlobalTech,16-04-2025,23-04-2025,24,821,147.7,East
695,Keyboard,TechSource,23-10-2025,25-10-2025,12,244,692.66,South
696,Printer,,01-11-2025,03-11-2025,30,645,312.13,Central
697,Webcam,TechSource,23-09-2025,05-10-2025,40,786,644.06,South
698,Printer,VisionElectronics,30-10-2025,04-11-2025,80,286,625.7,South
699,Speaker,TechSource,29-12-2025,09-01-2026,80,211,224.28,South
700,Speaker,TechSource,12-01-2025,20-01-2025,76,907,63,South
701,Tablet,VisionElectronics,25-06-2025,29-06-2025,60,627,455.08,West
702,Mobile,VisionElectronics,08-06-2025,17-06-2025,29,576,895.87,West
703,Headphones,PrimeDistributors,05-05-2025,12-05-2025,21,955,569.36,South
704,Mobile,VisionElectronics,04-08-2025,18-08-2025,58,381,193.15,Central
705,Mouse,PrimeDistributors,22-01-2025,05-02-2025,56,778,342.49,West
706,Printer,SmartSupply,28-05-2025,30-05-2025,67,712,51.06,East
707,Keyboard,VisionElectronics,29-05-2025,06-06-2025,78,792,65.43,North
708,Tablet,TechSource,28-03-2025,11-04-2025,46,849,822.76,North
709,Mobile,SmartSupply,06-11-2025,18-11-2025,5,158,899.55,East
710,Keyboard,PrimeDistributors,19-12-2025,24-12-2025,17,525,291.76,East
711,Monitor,TechSource,31-07-2025,03-08-2025,73,846,130.8,South
712,Speaker,VisionElectronics,21-11-2025,03-12-2025,72,296,506.05,East
713,Printer,SmartSupply,23-02-2025,03-03-2025,90,577,995.79,North
714,Laptop,PrimeDistributors,27-02-2025,04-03-2025,81,755,688.88,East
715,Keyboard,VisionElectronics,10-06-2025,13-06-2025,69,524,163.58,Central
716,Tablet,SmartSupply,03-10-2025,12-10-2025,4,292,524.96,Central
717,Speaker,PrimeDistributors,20-06-2025,03-07-2025,86,525,470.88,Central
718,Keyboard,SmartSupply,08-12-2025,19-12-2025,72,249,965.31,South
719,Speaker,SmartSupply,26-10-2025,08-11-2025,20,489,104.18,West
720,Webcam,GlobalTech,26-07-2025,02-08-2025,42,460,935.92,East
721,Mouse,SmartSupply,02-10-2025,08-10-2025,42,269,903.04,West
722,Tablet,GlobalTech,20-09-2025,01-10-2025,61,373,230.44,West
723,Monitor,,20-02-2025,25-02-2025,46,870,349.98,Central
724,Printer,SmartSupply,30-03-2025,12-04-2025,54,165,691.88,North
725,Webcam,PrimeDistributors,07-01-2025,21-01-2025,11,397,937.99,South
726,Speaker,SmartSupply,28-01-2025,08-02-2025,26,970,108.93,North
727,Keyboard,VisionElectronics,13-06-2025,27-06-2025,30,397,997.86,Central
728,Headphones,SmartSupply,22-06-2025,06-07-2025,89,996,50.18,Central
729,Mouse,GlobalTech,05-03-2025,11-03-2025,38,369,823.04,North
730,Speaker,PrimeDistributors,29-07-2025,30-07-2025,74,699,299.35,South
731,Mouse,VisionElectronics,18-08-2025,29-08-2025,33,562,204.41,South
732,Mouse,TechSource,04-01-2025,05-01-2025,43,551,105.64,South
733,Headphones,SmartSupply,08-07-2025,11-07-2025,24,341,563.26,East
734,Speaker,SmartSupply,10-10-2025,24-10-2025,18,205,331.51,East
735,Monitor,GlobalTech,06-07-2025,10-07-2025,17,600,942.59,North
736,Printer,VisionElectronics,12-05-2025,26-05-2025,75,115,648.59,South
737,Tablet,GlobalTech,31-03-2025,05-04-2025,1,432,881.38,Central
738,Headphones,GlobalTech,11-03-2025,23-03-2025,24,647,496.04,Central
739,Webcam,SmartSupply,30-01-2025,08-02-2025,33,278,796.63,North
740,Tablet,PrimeDistributors,03-09-2025,08-09-2025,29,210,,South
741,Monitor,SmartSupply,29-06-2025,06-07-2025,44,999,170.74,South
742,Monitor,GlobalTech,24-08-2025,30-08-2025,58,978,843.6,East
743,Mobile,GlobalTech,09-03-2025,20-03-2025,68,930,528.37,West
744,Speaker,VisionElectronics,14-05-2025,24-05-2025,57,134,443.43,West
745,Laptop,PrimeDistributors,28-06-2025,05-07-2025,9,478,828.63,Central
746,Webcam,PrimeDistributors,11-02-2025,16-02-2025,39,939,126.1,East
747,Keyboard,PrimeDistributors,05-12-2025,15-12-2025,6,445,427.9,Central
748,Headphones,VisionElectronics,27-05-2025,30-05-2025,8,171,188.06,East
749,Headphones,TechSource,26-03-2025,29-03-2025,87,65,587.72,West
750,Monitor,GlobalTech,30-11-2025,13-12-2025,71,64,788.92,North
751,Laptop,TechSource,05-10-2025,13-10-2025,44,50,363.87,North
752,Speaker,TechSource,02-11-2025,14-11-2025,81,749,167.12,West
753,Printer,PrimeDistributors,06-10-2025,17-10-2025,69,476,94.62,East
754,Mobile,VisionElectronics,30-11-2025,12-12-2025,59,493,211.38,East
755,Speaker,VisionElectronics,25-02-2025,08-03-2025,96,517,600.64,North
756,Headphones,PrimeDistributors,19-11-2025,29-11-2025,6,841,349.6,Central
757,Mouse,GlobalTech,16-07-2025,25-07-2025,82,416,247.39,Central
758,Mobile,PrimeDistributors,24-06-2025,06-07-2025,55,764,851.57,South
759,Printer,TechSource,26-08-2025,09-09-2025,45,477,515.38,East
760,Headphones,VisionElectronics,02-08-2025,09-08-2025,19,899,819.94,West
761,Keyboard,TechSource,06-07-2025,07-07-2025,28,940,114.57,Central
762,Keyboard,VisionElectronics,09-04-2025,11-04-2025,40,641,691.97,West
763,Headphones,PrimeDistributors,22-06-2025,06-07-2025,55,263,885.62,North
764,Tablet,PrimeDistributors,06-03-2025,12-03-2025,64,392,509.61,East
765,Laptop,SmartSupply,26-05-2025,02-06-2025,21,362,238.87,Central
766,Headphones,VisionElectronics,29-03-2025,01-04-2025,51,731,499.38,East
767,Speaker,PrimeDistributors,14-05-2025,25-05-2025,57,848,235.97,Central
768,Mouse,GlobalTech,26-06-2025,03-07-2025,92,450,709.32,North
769,Speaker,PrimeDistributors,27-02-2025,01-03-2025,6,380,321.34,East
770,Headphones,TechSource,22-05-2025,24-05-2025,3,552,595.16,East
771,Mouse,TechSource,26-05-2025,27-05-2025,88,798,290.93,West
772,Laptop,PrimeDistributors,02-06-2025,15-06-2025,98,394,350.27,East
773,Printer,TechSource,30-07-2025,08-08-2025,73,690,361.05,South
774,Headphones,PrimeDistributors,02-12-2025,14-12-2025,55,451,341.09,Central
775,Webcam,SmartSupply,14-05-2025,19-05-2025,70,913,839.96,South
776,Speaker,TechSource,10-01-2025,24-01-2025,18,649,430.3,West
777,Speaker,SmartSupply,10-07-2025,18-07-2025,9,203,936.12,North
778,Tablet,GlobalTech,04-11-2025,09-11-2025,5,837,817.33,Central
779,Webcam,SmartSupply,13-01-2025,17-01-2025,74,238,322.86,North
780,Keyboard,PrimeDistributors,27-04-2025,08-05-2025,42,958,248.98,West
781,Headphones,VisionElectronics,06-02-2025,16-02-2025,73,357,536.6,Central
782,Webcam,TechSource,31-05-2025,13-06-2025,51,246,,South
783,Tablet,PrimeDistributors,03-10-2025,15-10-2025,81,542,688.12,South
784,Webcam,GlobalTech,25-12-2025,06-01-2026,70,756,346.58,East
785,Keyboard,TechSource,06-12-2025,11-12-2025,86,876,56.47,West
786,Tablet,SmartSupply,15-01-2025,24-01-2025,35,232,186,West
787,Keyboard,SmartSupply,07-01-2025,21-01-2025,49,193,511.86,South
788,Keyboard,PrimeDistributors,08-08-2025,12-08-2025,42,322,337.34,East
789,Mouse,PrimeDistributors,10-01-2025,12-01-2025,25,567,705.81,North
790,Headphones,GlobalTech,03-12-2025,17-12-2025,75,587,281.39,West
791,Keyboard,SmartSupply,16-03-2025,22-03-2025,90,737,362.38,East
792,Tablet,VisionElectronics,03-10-2025,09-10-2025,9,670,719.79,East
793,Headphones,VisionElectronics,03-09-2025,16-09-2025,7,332,961.5,North
794,Webcam,PrimeDistributors,03-05-2025,14-05-2025,33,739,431.7,North
795,Keyboard,SmartSupply,06-07-2025,07-07-2025,48,438,982.18,West
796,Keyboard,PrimeDistributors,24-06-2025,08-07-2025,14,496,720.35,North
797,Tablet,GlobalTech,24-01-2025,28-01-2025,82,99,340.99,East
798,Mouse,PrimeDistributors,28-09-2025,30-09-2025,8,640,286.35,North
799,Headphones,VisionElectronics,20-12-2025,28-12-2025,96,750,182.29,North
800,Mobile,TechSource,26-09-2025,27-09-2025,62,128,389.33,Central
801,Printer,PrimeDistributors,08-04-2025,10-04-2025,71,526,81.6,North
802,Headphones,PrimeDistributors,07-02-2025,21-02-2025,91,359,500.31,North
803,Mouse,SmartSupply,25-02-2025,11-03-2025,85,494,795.81,Central
804,Webcam,GlobalTech,29-09-2025,01-10-2025,43,322,313.03,West
805,Mobile,TechSource,26-03-2025,02-04-2025,94,439,345.99,Central
806,Keyboard,GlobalTech,10-03-2025,14-03-2025,37,537,504.77,North
807,Mouse,GlobalTech,18-11-2025,27-11-2025,86,881,317.32,Central
808,Laptop,TechSource,08-09-2025,22-09-2025,18,376,932.37,North
809,Mouse,TechSource,04-08-2025,08-08-2025,82,332,406.08,West
810,Tablet,GlobalTech,16-04-2025,25-04-2025,60,631,152.63,South
811,Headphones,PrimeDistributors,28-12-2025,05-01-2026,13,489,812.28,North
812,Tablet,,17-08-2025,28-08-2025,61,475,883.58,East
813,Mobile,GlobalTech,13-10-2025,23-10-2025,58,757,989.4,South
814,Printer,TechSource,20-09-2025,28-09-2025,86,555,561.48,West
815,Monitor,VisionElectronics,29-12-2025,11-01-2026,90,895,865.82,South
816,Printer,TechSource,03-07-2025,06-07-2025,20,460,50.57,North
817,Keyboard,VisionElectronics,24-01-2025,31-01-2025,86,880,108.35,East
818,Printer,SmartSupply,03-03-2025,17-03-2025,75,261,817.47,North
819,Laptop,GlobalTech,11-02-2025,13-02-2025,31,207,107.22,North
820,Tablet,SmartSupply,21-10-2025,04-11-2025,89,256,794,East
821,Mobile,VisionElectronics,26-02-2025,10-03-2025,35,163,230.62,Central
822,Laptop,PrimeDistributors,17-07-2025,22-07-2025,51,946,284.61,West
823,Headphones,VisionElectronics,02-03-2025,08-03-2025,26,897,159.78,South
824,Laptop,PrimeDistributors,11-07-2025,22-07-2025,59,584,981.75,West
825,Mouse,SmartSupply,01-12-2025,03-12-2025,78,639,473.18,South
826,Laptop,TechSource,10-01-2025,12-01-2025,12,887,671.99,West
827,Monitor,PrimeDistributors,09-05-2025,15-05-2025,58,247,803.47,North
828,Webcam,SmartSupply,06-10-2025,13-10-2025,77,440,297.87,South
829,Tablet,PrimeDistributors,07-04-2025,11-04-2025,64,268,950.39,South
830,Laptop,PrimeDistributors,24-02-2025,06-03-2025,80,648,639.23,South
831,Tablet,TechSource,04-02-2025,07-02-2025,29,595,477.77,East
832,Tablet,GlobalTech,10-11-2025,12-11-2025,1,622,348.02,South
833,Mouse,TechSource,14-08-2025,28-08-2025,21,175,279.75,South
834,Keyboard,TechSource,25-04-2025,05-05-2025,64,765,620.9,East
835,Mobile,GlobalTech,11-10-2025,12-10-2025,58,179,409.31,Central
836,Tablet,GlobalTech,28-09-2025,07-10-2025,60,839,118.66,North
837,Speaker,TechSource,22-07-2025,01-08-2025,48,476,132.72,Central
838,Headphones,TechSource,10-12-2025,18-12-2025,97,706,270.02,South
839,Headphones,PrimeDistributors,18-12-2025,27-12-2025,9,885,929.76,South
840,Webcam,PrimeDistributors,04-04-2025,12-04-2025,75,390,569.34,South
841,Mobile,PrimeDistributors,31-12-2025,01-01-2026,42,545,336.39,South
842,Laptop,SmartSupply,17-01-2025,26-01-2025,29,784,53.65,West
843,Speaker,VisionElectronics,16-02-2025,27-02-2025,77,128,524.24,Central
844,Webcam,GlobalTech,04-09-2025,07-09-2025,52,587,452.58,West
845,Keyboard,VisionElectronics,04-12-2025,09-12-2025,66,859,575.88,North
846,Headphones,GlobalTech,17-03-2025,18-03-2025,63,692,462.01,East
847,Mouse,PrimeDistributors,19-07-2025,23-07-2025,7,95,754.55,North
848,Webcam,PrimeDistributors,18-02-2025,27-02-2025,80,193,477.83,West
849,Tablet,TechSource,14-05-2025,18-05-2025,78,860,157.2,South
850,Mouse,GlobalTech,01-05-2025,14-05-2025,63,485,554.79,East
851,Laptop,PrimeDistributors,02-01-2025,16-01-2025,12,779,548.8,South
852,Monitor,GlobalTech,24-08-2025,03-09-2025,28,865,50.9,South
853,Tablet,,28-03-2025,10-04-2025,81,303,181.45,West
854,Keyboard,VisionElectronics,03-10-2025,14-10-2025,55,317,715.82,East
855,Printer,GlobalTech,11-06-2025,23-06-2025,77,241,219.5,West
856,Printer,SmartSupply,29-06-2025,10-07-2025,94,422,423.95,West
857,Monitor,SmartSupply,04-06-2025,09-06-2025,48,696,855.17,East
858,Monitor,PrimeDistributors,10-03-2025,17-03-2025,37,58,653.56,North
859,Headphones,GlobalTech,03-06-2025,08-06-2025,21,938,581.76,Central
860,Tablet,VisionElectronics,04-02-2025,11-02-2025,14,827,933.66,South
861,Webcam,SmartSupply,18-06-2025,28-06-2025,17,706,802.3,North
862,Mouse,PrimeDistributors,25-09-2025,02-10-2025,42,446,722.05,North
863,Monitor,GlobalTech,12-05-2025,14-05-2025,19,691,,South
864,Keyboard,VisionElectronics,19-09-2025,27-09-2025,11,496,73.53,North
865,Webcam,GlobalTech,02-01-2025,10-01-2025,11,685,543.35,Central
866,Mouse,GlobalTech,31-07-2025,08-08-2025,93,923,464.43,Central
867,Mobile,TechSource,08-12-2025,13-12-2025,94,728,898.73,North
868,Printer,GlobalTech,21-10-2025,27-10-2025,44,891,,North
869,Printer,PrimeDistributors,20-02-2025,22-02-2025,24,612,131.13,Central
870,Tablet,VisionElectronics,26-02-2025,12-03-2025,88,850,457.69,North
871,Webcam,VisionElectronics,01-09-2025,13-09-2025,27,635,529.67,South
872,Webcam,TechSource,01-02-2025,11-02-2025,25,892,802.34,West
873,Tablet,TechSource,20-08-2025,03-09-2025,93,848,92.89,Central
874,Laptop,GlobalTech,15-09-2025,17-09-2025,98,645,476.62,Central
875,Headphones,PrimeDistributors,03-09-2025,05-09-2025,72,942,890.57,South
876,Laptop,VisionElectronics,09-12-2025,13-12-2025,11,243,971.57,North
877,Speaker,PrimeDistributors,13-01-2025,21-01-2025,68,91,649.23,East
878,Printer,GlobalTech,06-10-2025,17-10-2025,80,882,140.86,Central
879,Monitor,SmartSupply,18-01-2025,27-01-2025,26,463,110.69,Central
880,Headphones,GlobalTech,16-09-2025,26-09-2025,58,299,764.18,East
881,Mobile,GlobalTech,18-04-2025,30-04-2025,77,534,623.05,Central
882,Headphones,VisionElectronics,09-10-2025,19-10-2025,76,65,83.45,North
883,Monitor,TechSource,01-02-2025,06-02-2025,75,379,733.27,Central
884,Headphones,SmartSupply,27-06-2025,07-07-2025,7,89,432.25,West
885,Laptop,PrimeDistributors,07-12-2025,13-12-2025,4,60,711.01,Central
886,Monitor,SmartSupply,31-05-2025,13-06-2025,91,536,248.64,Central
887,Headphones,TechSource,12-09-2025,16-09-2025,80,720,69.96,West
888,Laptop,VisionElectronics,31-03-2025,05-04-2025,92,570,561.44,West
889,Monitor,GlobalTech,08-11-2025,11-11-2025,98,927,227.58,Central
890,Webcam,TechSource,27-02-2025,13-03-2025,38,885,647.08,Central
891,Webcam,PrimeDistributors,13-09-2025,16-09-2025,43,426,273.81,Central
892,Keyboard,GlobalTech,24-03-2025,30-03-2025,10,445,956.83,West
893,Mobile,PrimeDistributors,08-10-2025,15-10-2025,36,150,462.8,Central
894,Keyboard,TechSource,26-05-2025,06-06-2025,63,682,359.91,West
895,Mobile,VisionElectronics,15-12-2025,24-12-2025,79,77,266.91,West
896,Webcam,TechSource,10-03-2025,12-03-2025,1,216,680.56,East
897,Keyboard,GlobalTech,13-12-2025,21-12-2025,46,219,690.34,North
898,Printer,VisionElectronics,21-10-2025,28-10-2025,4,482,318.2,South
899,Headphones,SmartSupply,18-02-2025,26-02-2025,95,288,399.84,East
900,Headphones,TechSource,08-04-2025,15-04-2025,49,429,391.73,Central
901,Mouse,GlobalTech,27-01-2025,31-01-2025,67,263,704.67,North
902,Laptop,VisionElectronics,30-08-2025,06-09-2025,76,360,78.9,West
903,Printer,VisionElectronics,05-07-2025,12-07-2025,53,133,101.88,Central
904,Monitor,,25-05-2025,27-05-2025,77,452,339.66,West
905,Mouse,TechSource,22-12-2025,26-12-2025,19,414,241.34,West
906,Mobile,GlobalTech,27-04-2025,01-05-2025,66,374,56.78,North
907,Webcam,VisionElectronics,19-08-2025,24-08-2025,10,571,724.19,East
908,Laptop,TechSource,12-07-2025,24-07-2025,78,134,777.58,North
909,Webcam,PrimeDistributors,25-05-2025,30-05-2025,57,623,494.33,East
910,Mouse,TechSource,04-03-2025,07-03-2025,50,722,156.34,Central
911,Mouse,TechSource,12-02-2025,13-02-2025,10,144,893.05,South
912,Headphones,TechSource,07-08-2025,12-08-2025,87,421,480.18,West
913,Monitor,PrimeDistributors,05-01-2025,13-01-2025,18,992,318.42,East
914,Keyboard,SmartSupply,19-12-2025,20-12-2025,42,326,422.65,North
915,Printer,GlobalTech,07-05-2025,20-05-2025,55,485,159.59,Central
916,Tablet,TechSource,03-07-2025,10-07-2025,70,420,295.78,North
917,Mobile,GlobalTech,03-12-2025,16-12-2025,19,260,695.72,South
918,Speaker,VisionElectronics,11-11-2025,15-11-2025,17,332,294.75,East
919,Tablet,TechSource,17-01-2025,22-01-2025,82,422,958.05,West
920,Mouse,SmartSupply,16-07-2025,30-07-2025,88,334,265.9,Central
921,Speaker,SmartSupply,26-05-2025,05-06-2025,83,829,176.66,East
922,Laptop,VisionElectronics,06-10-2025,07-10-2025,79,337,460.22,West
923,Keyboard,TechSource,02-08-2025,13-08-2025,76,709,276.38,Central
924,Tablet,SmartSupply,09-05-2025,19-05-2025,86,195,852.56,West
925,Tablet,GlobalTech,18-01-2025,29-01-2025,49,131,874.58,West
926,Speaker,SmartSupply,07-02-2025,18-02-2025,73,543,168.2,East
927,Mouse,VisionElectronics,23-03-2025,28-03-2025,39,517,356.84,West
928,Printer,PrimeDistributors,13-07-2025,24-07-2025,31,328,163.55,West
929,Laptop,GlobalTech,29-03-2025,07-04-2025,7,746,95.52,Central
930,Webcam,GlobalTech,18-04-2025,20-04-2025,12,920,440.56,West
931,Mouse,SmartSupply,02-05-2025,03-05-2025,71,367,52.57,West
932,Printer,GlobalTech,29-04-2025,01-05-2025,45,363,314.35,West
933,Printer,SmartSupply,28-09-2025,12-10-2025,50,406,487.31,East
934,Webcam,PrimeDistributors,02-08-2025,08-08-2025,51,628,115.48,North
935,Headphones,TechSource,07-01-2025,20-01-2025,66,53,135.09,West
936,Monitor,SmartSupply,14-05-2025,17-05-2025,96,954,256.58,Central
937,Mouse,TechSource,24-01-2025,30-01-2025,24,532,810.13,Central
938,Keyboard,PrimeDistributors,17-06-2025,23-06-2025,95,105,530.63,West
939,Printer,SmartSupply,29-10-2025,12-11-2025,17,469,347.19,North
940,Mouse,SmartSupply,15-09-2025,24-09-2025,66,869,217.22,South
941,Tablet,VisionElectronics,22-01-2025,02-02-2025,67,276,825.29,Central
942,Tablet,PrimeDistributors,25-03-2025,01-04-2025,13,858,149.19,West
943,Webcam,PrimeDistributors,13-01-2025,21-01-2025,97,106,764.21,East
944,Monitor,PrimeDistributors,16-09-2025,24-09-2025,90,572,736.11,South
945,Mobile,PrimeDistributors,28-12-2025,01-01-2026,67,761,75.73,Central
946,Speaker,GlobalTech,07-03-2025,13-03-2025,63,465,669.85,South
947,Laptop,SmartSupply,18-07-2025,25-07-2025,45,444,205.38,South
948,Speaker,PrimeDistributors,02-08-2025,06-08-2025,79,813,86.82,North
949,Printer,PrimeDistributors,21-02-2025,22-02-2025,5,835,657.01,Central
950,Webcam,TechSource,31-08-2025,10-09-2025,48,349,805.26,East
951,Mobile,SmartSupply,08-04-2025,20-04-2025,94,958,493.9,Central
952,Tablet,SmartSupply,02-04-2025,07-04-2025,45,709,644.75,South
953,Webcam,PrimeDistributors,08-05-2025,15-05-2025,47,614,176.86,West
954,Webcam,PrimeDistributors,14-08-2025,19-08-2025,48,400,593.56,Central
955,Mouse,SmartSupply,28-06-2025,05-07-2025,3,113,622.75,North
956,Laptop,GlobalTech,24-12-2025,03-01-2026,21,600,975.72,East
957,Mobile,VisionElectronics,13-06-2025,24-06-2025,65,496,171.93,North
958,Printer,GlobalTech,08-10-2025,19-10-2025,84,752,394.18,West
959,Mobile,GlobalTech,10-03-2025,19-03-2025,34,237,795.06,South
960,Printer,TechSource,17-03-2025,21-03-2025,85,98,371.32,East
961,Monitor,GlobalTech,06-08-2025,19-08-2025,90,279,341.58,Central
962,Laptop,PrimeDistributors,11-09-2025,22-09-2025,16,470,182.71,East
963,Printer,SmartSupply,29-05-2025,31-05-2025,27,727,525.99,North
964,Monitor,SmartSupply,21-09-2025,22-09-2025,71,881,367.21,Central
965,Headphones,TechSource,05-09-2025,09-09-2025,58,351,466.14,Central
966,Webcam,,22-09-2025,06-10-2025,10,846,741.08,West
967,Monitor,PrimeDistributors,31-12-2025,06-01-2026,86,888,608.41,West
968,Monitor,SmartSupply,15-06-2025,29-06-2025,97,554,382.13,Central
969,Keyboard,PrimeDistributors,31-03-2025,13-04-2025,49,988,846.48,Central
970,Webcam,GlobalTech,11-02-2025,18-02-2025,36,922,169.8,North
971,Laptop,TechSource,14-03-2025,19-03-2025,87,891,537.19,Central
972,Webcam,GlobalTech,08-03-2025,14-03-2025,70,614,792.39,South
973,Printer,VisionElectronics,28-03-2025,30-03-2025,37,453,858.31,North
974,Laptop,SmartSupply,28-07-2025,08-08-2025,94,154,208.18,West
975,Laptop,VisionElectronics,28-10-2025,07-11-2025,24,560,925.09,West
976,Laptop,TechSource,16-01-2025,27-01-2025,54,256,198.92,South
977,Webcam,PrimeDistributors,24-09-2025,25-09-2025,68,348,931.61,South
978,Mobile,SmartSupply,16-03-2025,18-03-2025,41,227,586.36,East
979,Laptop,GlobalTech,23-07-2025,30-07-2025,26,210,148.3,North
980,Mobile,TechSource,12-05-2025,16-05-2025,36,849,692.98,West
981,Printer,GlobalTech,25-02-2025,28-02-2025,36,488,149.43,East
982,Keyboard,VisionElectronics,06-03-2025,11-03-2025,22,777,661.26,Central
983,Mouse,GlobalTech,30-06-2025,04-07-2025,68,341,275.01,South
984,Printer,VisionElectronics,18-06-2025,20-06-2025,66,70,257.39,Central
985,Monitor,SmartSupply,06-11-2025,16-11-2025,17,385,534.99,North
986,Mobile,TechSource,18-02-2025,23-02-2025,48,287,493.67,East
987,Keyboard,SmartSupply,25-12-2025,04-01-2026,84,563,151.68,East
988,Mouse,VisionElectronics,17-08-2025,19-08-2025,12,590,458.64,East
989,Webcam,PrimeDistributors,03-12-2025,13-12-2025,32,123,943.47,Central
990,Laptop,TechSource,28-12-2025,06-01-2026,33,149,881.9,Central
991,Speaker,PrimeDistributors,24-04-2025,08-05-2025,15,439,733.42,Central
992,Mobile,SmartSupply,17-09-2025,19-09-2025,57,994,831.85,East
993,Webcam,GlobalTech,24-04-2025,08-05-2025,64,151,66.07,South
994,Webcam,VisionElectronics,12-09-2025,16-09-2025,89,362,250.86,North
995,Monitor,PrimeDistributors,02-04-2025,06-04-2025,8,861,781.52,Central
996,Webcam,GlobalTech,14-02-2025,23-02-2025,32,338,334.45,West
997,Webcam,GlobalTech,29-01-2025,01-02-2025,57,302,133.98,South
998,Mouse,VisionElectronics,03-03-2025,06-03-2025,25,740,208.21,East
999,Speaker,VisionElectronics,07-11-2025,14-11-2025,2,494,186.44,West
1000,Mobile,GlobalTech,16-02-2025,18-02-2025,77,671,508.98,West
522,Webcam,PrimeDistributors,03-03-2025,16-03-2025,17,371,972.14,West
152,Tablet,SmartSupply,15-10-2025,17-10-2025,93,57,75.74,East
263,Tablet,TechSource,21-01-2025,28-01-2025,80,864,117.72,West
686,Mouse,SmartSupply,22-01-2025,26-01-2025,36,890,268.49,West
510,Tablet,GlobalTech,17-03-2025,30-03-2025,64,114,346.38,West
407,Speaker,SmartSupply,06-10-2025,14-10-2025,38,845,418.02,South
844,Webcam,GlobalTech,04-09-2025,07-09-2025,52,587,452.58,West
639,Mouse,VisionElectronics,27-07-2025,29-07-2025,38,541,206.64,Central
153,Headphones,SmartSupply,12-09-2025,25-09-2025,54,810,809.92,East
376,Keyboard,TechSource,08-02-2025,17-02-2025,77,256,297.27,East
394,Tablet,GlobalTech,19-12-2025,29-12-2025,85,806,593.45,East
530,Headphones,TechSource,17-02-2025,22-02-2025,22,917,716.08,Central
542,Printer,SmartSupply,27-02-2025,10-03-2025,40,469,558.27,Central
172,Headphones,SmartSupply,02-03-2025,13-03-2025,42,74,284.08,South
83,Monitor,TechSource,14-01-2025,15-01-2025,54,935,414.99,East
102,Headphones,,26-12-2025,30-12-2025,25,244,880.6,Central
803,Mouse,SmartSupply,25-02-2025,11-03-2025,85,494,795.81,Central
612,Headphones,TechSource,16-04-2025,21-04-2025,98,826,231.19,South
155,Monitor,GlobalTech,14-06-2025,20-06-2025,14,784,357.79,South
361,Monitor,GlobalTech,24-10-2025,28-10-2025,85,121,808.02,South
